timestamp,brightness_pct
2025-05-07T12:28:28.872668,18.8
2025-05-07T12:28:29.073633,18.8
2025-05-07T12:28:29.274502,18.8
2025-05-07T12:28:29.475377,18.8
2025-05-07T12:28:29.676581,18.8
2025-05-07T12:28:29.877939,18.8
2025-05-07T12:28:30.079290,18.8
2025-05-07T12:28:30.280691,18.8
2025-05-07T12:28:30.482051,18.8
2025-05-07T12:28:30.683355,18.8
2025-05-07T12:28:30.884542,18.8
2025-05-07T12:28:31.085785,18.8
2025-05-07T12:28:31.287127,18.8
2025-05-07T12:28:31.488450,18.8
2025-05-07T12:28:31.689759,18.8
2025-05-07T12:28:31.890792,18.8
2025-05-07T12:28:32.091910,18.8
2025-05-07T12:28:32.293132,18.8
2025-05-07T12:28:32.494343,18.8
2025-05-07T12:28:32.695554,18.8
2025-05-07T12:28:32.896775,18.8
2025-05-07T12:28:33.097986,18.8
2025-05-07T12:28:33.299207,18.8
2025-05-07T12:28:33.500449,18.8
2025-05-07T12:28:33.701584,18.8
2025-05-07T12:28:33.902548,18.8
2025-05-07T12:28:34.103284,18.8
2025-05-07T12:28:34.303976,18.8
2025-05-07T12:28:34.504971,18.8
2025-05-07T12:28:34.706179,18.8
2025-05-07T12:28:34.907379,18.8
2025-05-07T12:28:35.108560,18.8
2025-05-07T12:28:35.309767,18.8
2025-05-07T12:28:35.511003,18.8
2025-05-07T12:28:35.712194,18.8
2025-05-07T12:28:35.913392,18.8
2025-05-07T12:28:36.114687,18.8
2025-05-07T12:28:36.315884,18.8
2025-05-07T12:28:36.517090,18.8
2025-05-07T12:28:36.718463,18.8
2025-05-07T12:28:36.920132,18.8
2025-05-07T12:28:37.121413,18.8
2025-05-07T12:28:37.322435,18.8
2025-05-07T12:28:37.523665,18.8
2025-05-07T12:28:37.724685,18.8
2025-05-07T12:28:37.925416,18.8
2025-05-07T12:28:38.201778,18.8
2025-05-07T12:28:38.402527,18.8
2025-05-07T12:28:38.603842,18.8
2025-05-07T12:28:38.804887,18.8
2025-05-07T12:30:33.605856,18.8
2025-05-07T12:30:33.874963,18.8
2025-05-07T12:30:34.076489,18.8
2025-05-07T12:30:34.277751,18.8
2025-05-07T12:30:34.478666,18.8
2025-05-07T12:30:34.679703,18.8
2025-05-07T12:30:34.880729,18.8
2025-05-07T12:30:35.081948,18.8
2025-05-07T12:30:35.283092,18.8
2025-05-07T12:30:35.484142,18.8
2025-05-07T12:30:35.685001,18.8
2025-05-07T12:30:35.886114,18.8
2025-05-07T12:30:36.086939,18.8
2025-05-07T12:30:36.287877,18.8
2025-05-07T12:30:36.489053,18.8
2025-05-07T12:30:36.690200,18.8
2025-05-07T12:30:36.891277,18.8
2025-05-07T12:31:02.373185,18.8
2025-05-07T12:31:02.575803,18.8
2025-05-07T12:31:02.776740,18.8
2025-05-07T12:31:02.977402,18.8
2025-05-07T12:31:03.178046,18.8
2025-05-07T12:31:03.378688,18.8
2025-05-07T12:31:03.579778,18.8
2025-05-07T12:31:03.781118,18.8
2025-05-07T12:31:03.982370,18.8
2025-05-07T12:31:04.183598,18.8
2025-05-07T12:31:04.384805,18.8
2025-05-07T12:31:04.586007,18.8
2025-05-07T12:31:04.787271,18.8
2025-05-07T12:31:04.988530,18.8
2025-05-07T12:31:05.189723,18.8
2025-05-07T12:31:05.390974,18.8
2025-05-07T12:31:05.592194,18.8
2025-05-07T12:31:05.793711,12.5
2025-05-07T12:31:05.995308,18.8
2025-05-07T12:31:06.196563,18.8
2025-05-07T12:31:06.397752,18.8
2025-05-07T12:31:06.598581,18.8
2025-05-07T12:31:06.799305,18.8
2025-05-07T12:31:07.000034,18.8
2025-05-07T12:31:07.200799,18.8
2025-05-07T12:31:07.401928,18.8
2025-05-07T12:31:07.615719,18.8
2025-05-07T12:31:07.816536,18.8
2025-05-07T12:31:08.017191,18.8
2025-05-07T12:31:08.217839,18.8
2025-05-07T12:31:08.418771,18.8
2025-05-07T12:31:08.619915,12.5
2025-05-07T12:31:08.821219,18.8
2025-05-07T12:31:09.022460,18.8
2025-05-07T12:31:09.223784,18.8
2025-05-07T12:31:09.425107,18.8
2025-05-07T12:31:09.626425,18.8
2025-05-07T12:31:09.827785,18.8
2025-05-07T12:31:10.029099,12.5
2025-05-07T12:31:10.230448,18.8
2025-05-07T12:31:10.431760,18.8
2025-05-07T12:31:10.633070,18.8
2025-05-07T12:31:10.834402,18.8
2025-05-07T12:31:11.035714,18.8
2025-05-07T12:31:11.237125,12.5
2025-05-07T12:31:11.438356,18.8
2025-05-07T12:31:11.639649,18.8
2025-05-07T12:31:11.841134,18.8
2025-05-07T12:31:12.042464,18.8
2025-05-07T12:31:12.243673,18.8
2025-05-07T12:31:12.444672,18.8
2025-05-07T12:31:12.645369,18.8
2025-05-07T12:31:12.845995,12.5
2025-05-07T12:31:13.046959,18.8
2025-05-07T12:31:13.247997,18.8
2025-05-07T12:31:13.449122,18.8
2025-05-07T12:31:13.650409,18.8
2025-05-07T12:31:24.732007,18.8
2025-05-07T12:31:24.933662,18.8
2025-05-07T12:31:25.134634,18.8
2025-05-07T12:31:25.335452,18.8
2025-05-07T12:31:25.536497,18.8
2025-05-07T12:31:25.737523,18.8
2025-05-07T12:31:25.938233,18.8
2025-05-07T12:31:26.141243,18.8
2025-05-07T12:31:26.341853,18.8
2025-05-07T12:31:26.542475,18.8
2025-05-07T12:31:26.743391,18.8
2025-05-07T12:31:26.944536,18.8
2025-05-07T12:31:27.145593,18.8
2025-05-07T12:31:27.346647,18.8
2025-05-07T12:31:27.547702,18.8
2025-05-07T12:31:27.748766,18.8
2025-05-07T12:31:27.949862,18.8
2025-05-07T12:31:28.150833,18.8
2025-05-07T12:31:28.351575,18.8
2025-05-07T12:31:28.552291,18.8
2025-05-07T12:31:28.753237,18.8
2025-05-07T12:31:28.955429,18.8
2025-05-07T12:31:29.156328,18.8
2025-05-07T12:31:29.357083,18.8
2025-05-07T12:31:29.557824,18.8
2025-05-07T12:31:29.759007,18.8
2025-05-07T12:31:29.960560,18.8
2025-05-07T12:31:30.161298,18.8
2025-05-07T12:31:30.361911,18.8
2025-05-07T12:31:30.562757,18.8
2025-05-07T12:31:30.763771,18.8
2025-05-07T12:31:30.964942,18.8
2025-05-07T12:31:31.166377,18.8
2025-05-07T12:31:31.367779,18.8
2025-05-07T12:31:31.568947,18.8
2025-05-07T12:31:31.770120,18.8
2025-05-07T12:31:31.971175,18.8
2025-05-07T12:31:32.171925,18.8
2025-05-07T12:31:32.372673,18.8
2025-05-07T12:31:32.573752,18.8
2025-05-07T12:31:32.903816,18.8
2025-05-07T12:31:33.104547,18.8
2025-05-07T12:31:33.305358,18.8
2025-05-07T12:31:33.506194,18.8
2025-05-07T12:31:33.707311,18.8
2025-05-07T12:31:33.908672,18.8
2025-05-07T12:31:34.110015,18.8
2025-05-07T12:31:34.311381,18.8
2025-05-07T12:31:34.512762,18.8
2025-05-07T12:31:34.714120,18.8
2025-05-07T12:31:34.915487,18.8
2025-05-07T12:31:35.116768,18.8
2025-05-07T12:31:35.317901,18.8
2025-05-07T12:31:35.518550,18.8
2025-05-07T12:31:35.719495,18.8
2025-05-07T12:31:35.920606,18.8
2025-05-07T12:31:36.121954,18.8
2025-05-07T12:31:36.323304,18.8
2025-05-07T12:31:36.527959,18.8
2025-05-07T12:31:36.728741,18.8
2025-05-07T12:31:36.929483,18.8
2025-05-07T13:28:25.462776,12.5
2025-05-07T13:28:25.745250,12.5
2025-05-07T13:28:25.946961,12.5
2025-05-07T13:28:26.148603,18.8
2025-05-07T13:28:26.349652,18.8
2025-05-07T13:28:26.550939,18.8
2025-05-07T13:28:26.752262,18.8
2025-05-07T13:28:26.953496,12.5
2025-05-07T13:28:27.154724,12.5
2025-05-07T13:28:27.355956,18.8
2025-05-07T13:28:27.557214,18.8
2025-05-07T13:28:27.758450,18.8
2025-05-07T13:28:27.959689,18.8
2025-05-07T13:28:28.160968,18.8
2025-05-07T13:28:28.362300,18.8
2025-05-07T13:28:28.563528,12.5
2025-05-07T13:28:28.764761,18.8
2025-05-07T13:28:28.965719,18.8
2025-05-07T13:28:29.166431,18.8
2025-05-07T13:28:29.367132,18.8
2025-05-07T13:28:29.568135,18.8
2025-05-07T13:28:29.769364,18.8
2025-05-07T13:28:29.970660,12.5
2025-05-07T13:28:30.171952,12.5
2025-05-07T13:28:30.373321,18.8
2025-05-07T13:28:30.574839,18.8
2025-05-07T13:28:30.776004,18.8
2025-05-07T13:28:30.976632,18.8
2025-05-07T13:28:31.177261,18.8
2025-05-07T13:28:31.378157,18.8
2025-05-07T13:28:31.579187,12.5
2025-05-07T13:28:31.780271,12.5
2025-05-07T13:28:31.981421,12.5
2025-05-07T13:28:32.182709,18.8
2025-05-07T13:28:32.384044,18.8
2025-05-07T13:28:32.585334,18.8
2025-05-07T13:28:32.786612,18.8
2025-05-07T13:28:32.987912,12.5
2025-05-07T13:28:33.189199,12.5
2025-05-07T13:28:33.390526,18.8
2025-05-07T13:28:33.591823,18.8
2025-05-07T13:28:33.793212,18.8
2025-05-07T13:28:33.994558,18.8
2025-05-07T13:28:34.195909,18.8
2025-05-07T13:28:34.397262,18.8
2025-05-07T13:28:34.598610,18.8
2025-05-07T13:28:34.799954,18.8
2025-05-07T13:28:35.001395,18.8
2025-05-07T13:28:35.202858,18.8
2025-05-07T13:28:35.404162,18.8
2025-05-07T13:28:35.605678,18.8
2025-05-07T13:28:35.806751,18.8
2025-05-07T13:28:36.007521,18.8
2025-05-07T13:28:36.208303,18.8
2025-05-07T13:28:36.409253,18.8
2025-05-07T13:28:36.610442,18.8
2025-05-07T13:28:36.811655,18.8
2025-05-07T13:28:37.012834,18.8
2025-05-07T13:28:37.214098,18.8
2025-05-07T13:28:37.415292,18.8
2025-05-07T13:28:37.616490,18.8
2025-05-07T13:28:37.817696,18.8
2025-05-07T13:28:38.018879,18.8
2025-05-07T13:28:38.220112,18.8
2025-05-07T13:28:38.421383,18.8
2025-05-07T13:28:38.622780,94.1
2025-05-07T13:28:38.823681,94.1
2025-05-07T13:28:39.024411,18.8
2025-05-07T13:28:39.225141,18.8
2025-05-07T13:28:39.425817,18.8
2025-05-07T13:28:39.626840,18.8
2025-05-07T13:28:39.827988,18.8
2025-05-07T13:28:40.029152,18.8
2025-05-07T13:28:40.230328,18.8
2025-05-07T13:28:40.431559,18.8
2025-05-07T13:28:40.633029,12.5
2025-05-07T13:28:40.835953,12.5
2025-05-07T13:28:41.036582,18.8
2025-05-07T13:28:41.237256,18.8
2025-05-07T13:28:41.438192,18.8
2025-05-07T13:28:41.639351,18.8
2025-05-07T13:28:41.840586,18.8
2025-05-07T13:28:42.041768,18.8
2025-05-07T13:28:42.242941,94.1
2025-05-07T13:28:42.444154,18.8
2025-05-07T13:28:42.645375,12.5
2025-05-07T13:28:42.846565,12.5
2025-05-07T13:28:43.047735,94.1
2025-05-07T13:28:43.248936,18.8
2025-05-07T13:28:43.450133,18.8
2025-05-07T13:28:43.651307,18.8
2025-05-07T13:28:43.852243,18.8
2025-05-07T13:28:44.053266,18.8
2025-05-07T13:28:44.254394,18.8
2025-05-07T13:28:44.455518,18.8
2025-05-07T13:28:44.656763,18.8
2025-05-07T13:28:44.857974,18.8
2025-05-07T13:28:45.059155,18.8
2025-05-07T13:28:45.260327,18.8
2025-05-07T13:28:45.461555,18.8
2025-05-07T13:28:45.662689,18.8
2025-05-07T13:28:45.865591,18.8
2025-05-07T13:28:46.066244,12.5
2025-05-07T13:28:46.266884,12.5
2025-05-07T13:28:46.467835,12.5
2025-05-07T13:28:46.668875,18.8
2025-05-07T13:28:46.869962,18.8
2025-05-07T13:28:47.071074,18.8
2025-05-07T13:28:47.272180,18.8
2025-05-07T13:28:47.473281,18.8
2025-05-07T13:28:47.674394,12.5
2025-05-07T13:28:47.875420,12.5
2025-05-07T13:28:48.076473,12.5
2025-05-07T13:28:48.277704,12.5
2025-05-07T13:28:48.478883,12.5
2025-05-07T13:28:48.679993,12.5
2025-05-07T13:28:48.881178,12.5
2025-05-07T13:28:49.082551,12.5
2025-05-07T13:28:49.283921,12.5
2025-05-07T13:28:49.485286,12.5
2025-05-07T13:28:49.686708,18.8
2025-05-07T13:28:49.888090,18.8
2025-05-07T13:28:50.089470,18.8
2025-05-07T13:28:50.290879,12.5
2025-05-07T13:28:50.492378,12.5
2025-05-07T13:28:50.693843,12.5
2025-05-07T13:28:50.894831,12.5
2025-05-07T13:28:51.095895,12.5
2025-05-07T13:28:51.297041,12.5
2025-05-07T13:28:51.498160,12.5
2025-05-07T13:28:51.699517,12.5
2025-05-07T13:28:51.900947,12.5
2025-05-07T13:28:52.102311,12.5
2025-05-07T13:28:52.303680,12.5
2025-05-07T13:28:52.505115,12.5
2025-05-07T13:28:52.706505,12.5
2025-05-07T13:28:52.907913,12.5
2025-05-07T13:28:53.109244,12.5
2025-05-07T13:28:53.310692,12.5
2025-05-07T13:28:53.512092,12.5
2025-05-07T13:28:53.713489,12.5
2025-05-07T13:28:53.914807,12.5
2025-05-07T13:28:54.116057,12.5
2025-05-07T13:28:54.317429,18.8
2025-05-07T13:28:54.519043,18.8
2025-05-07T13:28:54.720501,18.8
2025-05-07T13:28:54.921896,18.8
2025-05-07T13:28:55.123494,87.8
2025-05-07T13:28:55.324936,87.8
2025-05-07T13:28:55.526451,87.8
2025-05-07T13:28:55.727597,87.8
2025-05-07T13:28:55.928355,87.8
2025-05-07T13:28:56.130405,87.8
2025-05-07T13:28:56.331020,94.1
2025-05-07T13:28:56.531969,94.1
2025-05-07T13:28:56.733219,94.1
2025-05-07T13:28:56.934418,94.1
2025-05-07T13:28:57.135592,94.1
2025-05-07T13:28:57.336757,94.1
2025-05-07T13:28:57.537919,94.1
2025-05-07T13:28:57.739047,94.1
2025-05-07T13:28:57.940212,94.1
2025-05-07T13:28:58.141436,94.1
2025-05-07T13:28:58.342585,94.1
2025-05-07T13:28:58.543870,94.1
2025-05-07T13:28:58.745064,94.1
2025-05-07T13:28:58.946183,94.1
2025-05-07T13:28:59.147512,94.1
2025-05-07T13:28:59.348882,94.1
2025-05-07T13:28:59.550238,94.1
2025-05-07T13:28:59.751665,94.1
2025-05-07T13:28:59.953108,94.1
2025-05-07T13:29:00.154460,94.1
2025-05-07T13:29:00.355810,94.1
2025-05-07T13:29:00.557220,94.1
2025-05-07T13:29:00.758355,94.1
2025-05-07T13:29:00.959164,94.1
2025-05-07T13:29:01.165039,94.1
2025-05-07T13:29:01.365812,94.1
2025-05-07T13:29:01.566943,94.1
2025-05-07T13:29:01.768376,94.1
2025-05-07T13:29:01.969729,94.1
2025-05-07T13:29:02.171082,94.1
2025-05-07T13:29:02.372307,94.1
2025-05-07T13:29:02.573694,94.1
2025-05-07T13:29:02.775060,94.1
2025-05-07T13:29:02.976424,94.1
2025-05-07T13:29:03.177957,94.1
2025-05-07T13:29:03.379298,94.1
2025-05-07T13:29:03.580715,94.1
2025-05-07T13:29:03.782076,94.1
2025-05-07T13:29:03.983489,94.1
2025-05-07T13:29:04.184868,94.1
2025-05-07T13:29:04.386301,94.1
2025-05-07T13:29:04.587656,94.1
2025-05-07T13:29:04.788996,94.1
2025-05-07T13:29:04.990375,94.1
2025-05-07T13:29:05.191738,94.1
2025-05-07T13:29:05.393078,94.1
2025-05-07T13:29:05.594349,94.1
2025-05-07T13:29:05.795547,94.1
2025-05-07T13:29:05.996357,94.1
2025-05-07T13:29:06.197010,87.8
2025-05-07T13:29:06.397879,87.8
2025-05-07T13:29:06.598918,12.5
2025-05-07T13:29:06.800030,12.5
2025-05-07T13:29:07.001442,18.8
2025-05-07T13:29:07.202850,18.8
2025-05-07T13:29:07.404207,12.5
2025-05-07T13:29:07.605678,94.1
2025-05-07T13:29:07.807099,12.5
2025-05-07T13:29:08.008468,18.8
2025-05-07T13:29:08.209853,12.5
2025-05-07T13:29:08.411103,18.8
2025-05-07T13:29:08.612273,18.8
2025-05-07T13:29:08.813442,18.8
2025-05-07T13:29:09.014418,18.8
2025-05-07T13:29:09.215557,18.8
2025-05-07T13:29:09.416790,18.8
2025-05-07T13:29:09.618016,12.5
2025-05-07T13:29:09.819257,18.8
2025-05-07T13:29:10.020467,18.8
2025-05-07T13:29:10.221652,18.8
2025-05-07T13:29:10.422840,18.8
2025-05-07T13:29:10.623983,18.8
2025-05-07T13:29:10.824758,18.8
2025-05-07T13:29:11.025378,12.5
2025-05-07T13:29:11.226021,18.8
2025-05-07T13:29:11.427002,18.8
2025-05-07T13:29:11.628430,18.8
2025-05-07T13:29:11.829819,18.8
2025-05-07T13:29:12.031191,18.8
2025-05-07T13:29:12.232558,18.8
2025-05-07T13:29:12.433920,12.5
2025-05-07T13:29:12.635312,18.8
2025-05-07T13:29:12.836749,18.8
2025-05-07T13:29:13.038115,18.8
2025-05-07T13:29:13.239478,18.8
2025-05-07T13:29:13.440873,18.8
2025-05-07T13:29:13.642238,12.5
2025-05-07T13:29:13.843446,18.8
2025-05-07T13:29:14.044721,18.8
2025-05-07T13:29:14.246184,18.8
2025-05-07T13:29:14.447545,18.8
2025-05-07T13:29:14.648889,18.8
2025-05-07T13:29:14.850241,18.8
2025-05-07T13:29:15.051634,18.8
2025-05-07T13:29:15.252988,18.8
2025-05-07T13:29:15.454343,18.8
2025-05-07T13:29:15.655867,18.8
2025-05-07T13:29:15.856661,18.8
2025-05-07T13:29:16.057325,18.8
2025-05-07T13:29:16.257957,18.8
2025-05-07T13:29:16.459084,18.8
2025-05-07T13:29:16.660529,18.8
2025-05-07T13:29:16.861920,18.8
2025-05-07T13:29:17.063290,18.8
2025-05-07T13:29:17.264689,18.8
2025-05-07T13:29:17.466152,12.5
2025-05-07T13:29:17.667519,18.8
2025-05-07T13:29:17.868915,18.8
2025-05-07T13:29:18.070272,18.8
2025-05-07T13:29:18.271687,18.8
2025-05-07T13:29:18.473050,18.8
2025-05-07T13:29:18.674469,18.8
2025-05-07T13:29:18.875832,18.8
2025-05-07T13:29:19.077215,18.8
2025-05-07T13:29:19.278564,18.8
2025-05-07T13:29:19.479905,18.8
2025-05-07T13:29:19.681326,18.8
2025-05-07T13:29:19.882696,18.8
2025-05-07T13:29:20.084130,18.8
2025-05-07T13:29:20.285503,18.8
2025-05-07T13:29:20.486845,18.8
2025-05-07T13:29:20.688179,18.8
2025-05-07T13:29:20.889141,18.8
2025-05-07T13:29:21.089912,12.5
2025-05-07T13:29:21.290699,18.8
2025-05-07T13:29:21.491837,18.8
2025-05-07T13:29:21.693227,18.8
2025-05-07T13:29:21.894754,18.8
2025-05-07T13:29:22.096142,18.8
2025-05-07T13:29:22.297493,18.8
2025-05-07T13:29:22.498852,18.8
2025-05-07T13:29:22.700207,18.8
2025-05-07T13:29:22.901614,18.8
2025-05-07T13:29:23.103070,18.8
2025-05-07T13:29:23.304448,18.8
2025-05-07T13:29:23.505810,18.8
2025-05-07T13:29:23.707178,18.8
2025-05-07T13:29:23.908550,18.8
2025-05-07T13:29:24.109904,18.8
2025-05-07T13:29:24.311371,18.8
2025-05-07T13:29:24.512729,18.8
2025-05-07T13:29:24.714090,18.8
2025-05-07T13:29:24.915427,18.8
2025-05-07T13:29:25.116792,18.8
2025-05-07T13:29:25.318155,18.8
2025-05-07T13:29:25.519515,18.8
2025-05-07T13:29:25.721351,18.8
2025-05-07T13:29:25.922560,18.8
2025-05-07T13:29:26.123330,18.8
2025-05-07T13:29:26.324106,18.8
2025-05-07T13:29:26.525260,18.8
2025-05-07T13:29:26.726615,18.8
2025-05-07T13:29:26.928019,18.8
2025-05-07T13:29:27.129465,18.8
2025-05-07T13:29:27.331026,18.8
2025-05-07T13:29:27.532407,18.8
2025-05-07T13:29:27.733803,18.8
2025-05-07T13:29:27.935210,18.8
2025-05-07T13:29:28.136668,18.8
2025-05-07T13:29:28.338081,18.8
2025-05-07T13:29:28.539532,18.8
2025-05-07T13:29:28.740972,18.8
2025-05-07T13:29:28.942168,18.8
2025-05-07T13:29:29.143582,18.8
2025-05-07T13:29:29.344996,18.8
2025-05-07T13:29:29.546390,18.8
2025-05-07T13:29:29.747840,18.8
2025-05-07T13:29:29.949238,18.8
2025-05-07T13:29:30.150663,18.8
2025-05-07T13:29:30.352078,18.8
2025-05-07T13:29:30.553744,18.8
2025-05-07T13:29:30.755127,18.8
2025-05-07T13:29:30.956029,18.8
2025-05-07T13:29:31.156799,18.8
2025-05-07T13:29:31.357669,18.8
2025-05-07T13:29:31.558857,18.8
2025-05-07T13:29:31.760234,18.8
2025-05-07T13:29:31.961650,18.8
2025-05-07T13:29:32.163006,18.8
2025-05-07T13:29:32.364421,18.8
2025-05-07T13:29:32.565792,18.8
2025-05-07T13:29:32.767227,18.8
2025-05-07T13:29:32.968576,18.8
2025-05-07T13:29:33.169930,18.8
2025-05-07T13:29:33.371320,18.8
2025-05-07T13:29:33.572685,18.8
2025-05-07T13:29:33.774045,18.8
2025-05-07T13:29:33.975395,18.8
2025-05-07T13:29:34.176864,18.8
2025-05-07T13:29:34.378222,18.8
2025-05-07T13:29:34.579575,18.8
2025-05-07T13:29:34.780967,18.8
2025-05-07T13:29:34.982324,18.8
2025-05-07T13:29:35.183677,18.8
2025-05-07T13:29:35.385074,18.8
2025-05-07T13:29:35.586584,18.8
2025-05-07T13:29:35.787977,18.8
2025-05-07T13:29:35.988912,18.8
2025-05-07T13:29:36.189663,18.8
2025-05-07T13:29:36.390725,18.8
2025-05-07T13:29:36.592010,18.8
2025-05-07T13:29:36.793399,18.8
2025-05-07T13:29:36.994787,18.8
2025-05-07T13:29:37.196141,18.8
2025-05-07T13:29:37.397490,18.8
2025-05-07T13:29:37.598892,18.8
2025-05-07T13:29:37.800275,18.8
2025-05-07T13:29:38.001670,18.8
2025-05-07T13:29:38.203028,18.8
2025-05-07T13:29:38.404473,18.8
2025-05-07T13:29:38.605821,18.8
2025-05-07T13:29:38.807155,18.8
2025-05-07T13:29:39.008495,18.8
2025-05-07T13:29:39.209843,12.5
2025-05-07T13:29:39.411193,18.8
2025-05-07T13:29:39.612593,18.8
2025-05-07T13:29:39.813956,18.8
2025-05-07T13:29:40.015301,18.8
2025-05-07T13:29:40.216647,18.8
2025-05-07T13:29:40.418003,18.8
2025-05-07T13:29:40.619239,18.8
2025-05-07T13:29:40.819963,18.8
2025-05-07T13:29:41.020571,18.8
2025-05-07T13:29:41.221189,18.8
2025-05-07T13:29:41.421915,18.8
2025-05-07T13:29:41.623052,18.8
2025-05-07T13:29:41.824486,18.8
2025-05-07T13:29:42.025865,18.8
2025-05-07T13:29:42.227250,18.8
2025-05-07T13:29:42.428751,18.8
2025-05-07T13:29:42.630114,18.8
2025-05-07T13:29:42.831627,18.8
2025-05-07T13:29:43.033089,18.8
2025-05-07T13:29:43.234460,18.8
2025-05-07T13:29:43.435833,18.8
2025-05-07T13:29:43.637207,18.8
2025-05-07T13:29:43.838399,18.8
2025-05-07T13:29:44.039602,18.8
2025-05-07T13:29:44.241000,18.8
2025-05-07T13:29:44.442425,12.5
2025-05-07T13:29:44.643841,18.8
2025-05-07T13:29:44.845128,18.8
2025-05-07T13:29:45.046133,18.8
2025-05-07T13:29:45.247519,18.8
2025-05-07T13:29:45.448540,18.8
2025-05-07T13:29:45.649797,18.8
2025-05-07T13:29:45.850654,12.5
2025-05-07T13:29:46.051312,18.8
2025-05-07T13:29:46.251937,18.8
2025-05-07T13:29:46.452883,18.8
2025-05-07T13:29:46.654235,18.8
2025-05-07T13:29:46.855604,12.5
2025-05-07T13:29:47.056982,94.1
2025-05-07T13:29:47.258267,94.1
2025-05-07T13:29:47.459636,94.1
2025-05-07T13:29:47.661100,94.1
2025-05-07T13:29:47.862521,94.1
2025-05-07T13:29:48.064058,94.1
2025-05-07T13:29:48.265470,94.1
2025-05-07T13:29:48.466875,94.1
2025-05-07T13:29:48.668226,94.1
2025-05-07T13:29:48.869476,94.1
2025-05-07T13:29:49.070750,94.1
2025-05-07T13:29:49.272238,94.1
2025-05-07T13:29:49.473593,94.1
2025-05-07T13:29:49.674926,94.1
2025-05-07T13:29:49.876256,94.1
2025-05-07T13:29:50.077592,94.1
2025-05-07T13:29:50.278934,94.1
2025-05-07T13:29:50.480315,94.1
2025-05-07T13:29:50.681992,94.1
2025-05-07T13:29:50.882824,94.1
2025-05-07T13:29:51.083461,94.1
2025-05-07T13:29:51.284088,94.1
2025-05-07T13:29:51.485132,94.1
2025-05-07T13:29:51.686412,94.1
2025-05-07T13:29:51.887749,94.1
2025-05-07T13:29:52.089097,94.1
2025-05-07T13:29:52.290482,94.1
2025-05-07T13:29:52.491878,94.1
2025-05-07T13:29:52.693223,94.1
2025-05-07T13:29:52.894559,94.1
2025-05-07T13:29:53.096005,94.1
2025-05-07T13:29:53.303894,94.1
2025-05-07T13:29:53.505079,94.1
2025-05-07T13:29:53.706180,94.1
2025-05-07T13:29:53.907282,94.1
2025-05-07T13:29:54.108373,94.1
2025-05-07T13:29:54.309472,94.1
2025-05-07T13:29:54.510592,94.1
2025-05-07T13:29:54.711646,87.8
2025-05-07T13:29:54.912997,87.8
2025-05-07T13:29:55.114338,87.8
2025-05-07T13:29:55.315788,87.8
2025-05-07T13:29:55.517129,87.8
2025-05-07T13:29:55.718450,87.8
2025-05-07T13:29:55.919209,18.8
2025-05-07T13:29:56.119826,18.8
2025-05-07T13:29:56.320482,18.8
2025-05-07T13:29:56.521472,18.8
2025-05-07T13:29:56.722854,18.8
2025-05-07T13:29:56.924210,18.8
2025-05-07T13:29:57.125602,18.8
2025-05-07T13:29:57.327003,18.8
2025-05-07T13:29:57.528356,18.8
2025-05-07T13:29:57.729717,87.8
2025-05-07T13:29:57.931127,94.1
2025-05-07T13:29:58.132491,94.1
2025-05-07T13:29:58.335431,94.1
2025-05-07T13:29:58.536768,94.1
2025-05-07T13:29:58.738104,94.1
2025-05-07T13:29:58.939443,94.1
2025-05-07T13:29:59.140807,94.1
2025-05-07T13:29:59.342146,94.1
2025-05-07T13:29:59.543558,94.1
2025-05-07T13:29:59.744902,94.1
2025-05-07T13:29:59.946240,94.1
2025-05-07T13:30:00.147557,94.1
2025-05-07T13:30:00.348752,18.8
2025-05-07T13:30:00.549918,18.8
2025-05-07T13:30:00.751252,18.8
2025-05-07T13:30:00.952294,18.8
2025-05-07T13:30:01.153116,94.1
2025-05-07T13:30:01.353891,94.1
2025-05-07T13:30:01.555008,18.8
2025-05-07T13:30:01.756393,18.8
2025-05-07T13:30:01.957787,18.8
2025-05-07T13:30:02.159161,94.1
2025-05-07T13:30:02.360581,12.5
2025-05-07T13:30:02.561903,12.5
2025-05-07T13:30:02.763349,94.1
2025-05-07T13:30:02.964784,94.1
2025-05-07T13:30:03.166120,94.1
2025-05-07T13:30:03.371529,94.1
2025-05-07T13:30:03.572930,94.1
2025-05-07T13:30:03.774268,94.1
2025-05-07T13:30:03.975479,94.1
2025-05-07T13:30:04.176683,94.1
2025-05-07T13:30:04.378119,94.1
2025-05-07T13:30:04.579529,94.1
2025-05-07T13:30:04.780899,94.1
2025-05-07T13:30:04.982256,94.1
2025-05-07T13:30:05.183634,94.1
2025-05-07T13:30:05.385033,94.1
2025-05-07T13:30:05.586667,94.1
2025-05-07T13:30:05.787818,94.1
2025-05-07T13:30:05.988736,94.1
2025-05-07T13:30:06.189404,94.1
2025-05-07T13:30:06.390018,94.1
2025-05-07T13:30:06.591033,94.1
2025-05-07T13:30:06.792166,94.1
2025-05-07T13:30:06.993256,94.1
2025-05-07T13:30:07.194383,94.1
2025-05-07T13:30:07.395500,94.1
2025-05-07T13:30:07.596609,94.1
2025-05-07T13:30:07.797726,94.1
2025-05-07T13:30:07.998910,94.1
2025-05-07T13:30:08.200007,94.1
2025-05-07T13:30:08.401135,94.1
2025-05-07T13:30:08.602300,94.1
2025-05-07T13:30:08.803432,94.1
2025-05-07T13:30:09.004480,94.1
2025-05-07T13:30:09.205589,94.1
2025-05-07T13:30:09.406712,94.1
2025-05-07T13:30:09.607847,18.8
2025-05-07T13:30:09.809030,18.8
2025-05-07T13:30:10.010189,12.5
2025-05-07T13:30:10.211399,18.8
2025-05-07T13:30:10.412534,18.8
2025-05-07T13:30:10.613760,18.8
2025-05-07T13:30:10.814918,18.8
2025-05-07T13:30:11.015687,18.8
2025-05-07T13:30:11.216298,18.8
2025-05-07T13:30:11.416904,18.8
2025-05-07T13:30:11.617907,18.8
2025-05-07T13:30:11.819028,18.8
2025-05-07T13:30:12.020140,18.8
2025-05-07T13:30:12.221449,18.8
2025-05-07T13:30:12.422616,18.8
2025-05-07T13:30:12.623756,18.8
2025-05-07T13:30:12.824893,12.5
2025-05-07T13:30:13.026008,18.8
2025-05-07T13:30:13.227166,12.5
2025-05-07T13:30:13.428304,12.5
2025-05-07T13:30:13.629496,94.1
2025-05-07T13:30:13.830768,94.1
2025-05-07T13:30:14.031959,18.8
2025-05-07T13:30:14.233130,18.8
2025-05-07T13:30:14.434274,18.8
2025-05-07T13:30:14.635420,18.8
2025-05-07T13:30:14.836564,94.1
2025-05-07T13:30:15.037668,94.1
2025-05-07T13:30:15.238790,94.1
2025-05-07T13:30:15.439918,18.8
2025-05-07T13:30:15.641107,18.8
2025-05-07T13:30:15.842063,12.5
2025-05-07T13:30:16.042888,18.8
2025-05-07T13:30:16.243616,18.8
2025-05-07T13:30:16.444351,18.8
2025-05-07T13:30:16.645351,18.8
2025-05-07T13:30:16.846508,18.8
2025-05-07T13:30:17.047638,18.8
2025-05-07T13:30:17.248776,18.8
2025-05-07T13:30:17.450593,12.5
2025-05-07T13:30:17.651766,18.8
2025-05-07T13:30:17.852441,18.8
2025-05-07T13:30:18.053140,18.8
2025-05-07T13:30:18.253931,18.8
2025-05-07T13:30:18.454974,18.8
2025-05-07T13:30:18.656167,18.8
2025-05-07T13:30:18.863707,18.8
2025-05-07T13:30:19.064734,18.8
2025-05-07T13:30:19.265855,18.8
2025-05-07T13:30:19.466955,18.8
2025-05-07T13:30:19.668052,18.8
2025-05-07T13:30:19.868925,18.8
2025-05-07T13:30:20.069921,18.8
2025-05-07T13:30:20.271194,18.8
2025-05-07T13:30:20.472363,18.8
2025-05-07T13:30:20.673872,18.8
2025-05-07T13:30:20.874788,18.8
2025-05-07T13:30:21.075524,18.8
2025-05-07T13:30:21.276141,18.8
2025-05-07T13:30:21.476753,18.8
2025-05-07T13:30:21.677407,18.8
2025-05-07T13:30:21.878405,18.8
2025-05-07T13:30:22.079559,18.8
2025-05-07T13:30:22.281051,18.8
2025-05-07T13:30:22.484296,18.8
2025-05-07T13:30:22.685045,18.8
2025-05-07T13:30:22.885730,18.8
2025-05-07T13:30:23.086576,18.8
2025-05-07T13:30:23.287635,18.8
2025-05-07T13:30:23.488687,18.8
2025-05-07T13:30:23.689812,18.8
2025-05-07T13:30:23.895434,18.8
2025-05-07T13:30:24.096637,18.8
2025-05-07T13:30:24.297746,18.8
2025-05-07T13:30:24.498970,12.5
2025-05-07T13:30:24.700096,18.8
2025-05-07T13:30:24.901300,18.8
2025-05-07T13:31:06.541635,18.8
2025-05-07T13:31:07.094017,18.8
2025-05-07T13:31:07.294772,18.8
2025-05-07T13:31:07.495868,18.8
2025-05-07T13:31:07.696976,18.8
2025-05-07T13:31:07.898203,18.8
2025-05-07T13:31:08.099429,18.8
2025-05-07T13:31:08.300687,18.8
2025-05-07T13:31:08.501915,18.8
2025-05-07T13:31:08.703182,18.8
2025-05-07T13:31:08.904537,18.8
2025-05-07T13:31:09.105870,18.8
2025-05-07T13:31:09.307111,18.8
2025-05-07T13:31:09.508358,18.8
2025-05-07T13:31:09.709622,18.8
2025-05-07T13:31:09.910543,18.8
2025-05-07T13:31:10.111257,18.8
2025-05-07T13:31:10.312185,12.5
2025-05-07T13:31:10.513230,18.8
2025-05-07T13:31:10.714633,18.8
2025-05-07T13:31:10.915816,18.8
2025-05-07T13:31:11.116961,18.8
2025-05-07T13:31:11.318694,18.8
2025-05-07T13:31:11.519695,18.8
2025-05-07T13:31:11.720847,18.8
2025-05-07T13:31:11.922206,18.8
2025-05-07T13:31:12.123288,18.8
2025-05-07T13:31:12.324757,18.8
2025-05-07T13:31:12.525527,18.8
2025-05-07T13:31:12.726204,18.8
2025-05-07T13:31:12.926921,18.8
2025-05-07T13:31:13.128158,12.5
2025-05-07T13:31:13.329191,18.8
2025-05-07T13:31:13.530200,18.8
2025-05-07T13:31:13.731425,18.8
2025-05-07T13:31:13.932518,18.8
2025-05-07T13:31:14.133558,18.8
2025-05-07T13:31:14.334662,18.8
2025-05-07T13:31:14.535800,12.5
2025-05-07T13:31:14.736866,18.8
2025-05-07T13:31:14.938208,18.8
2025-05-07T13:31:15.139154,18.8
2025-05-07T13:31:15.339843,18.8
2025-05-07T13:31:15.540539,18.8
2025-05-07T13:31:15.741524,18.8
2025-05-07T13:31:15.942844,18.8
2025-05-07T13:31:16.144199,12.5
2025-05-07T13:31:16.345580,18.8
2025-05-07T13:31:16.546926,18.8
2025-05-07T13:31:16.748268,18.8
2025-05-07T13:31:16.949181,18.8
2025-05-07T13:31:17.149930,18.8
2025-05-07T13:31:17.350715,18.8
2025-05-07T13:31:17.551904,18.8
2025-05-07T13:31:17.753170,18.8
2025-05-07T13:31:17.954510,18.8
2025-05-07T13:31:18.155978,18.8
2025-05-07T13:31:18.357892,18.8
2025-05-07T13:31:18.558823,18.8
2025-05-07T13:31:18.759650,12.5
2025-05-07T13:31:18.960429,18.8
2025-05-07T13:31:19.161633,18.8
2025-05-07T13:31:19.362915,18.8
2025-05-07T13:31:19.564132,18.8
2025-05-07T13:31:19.765351,18.8
2025-05-07T13:31:19.966318,18.8
2025-05-07T13:31:20.167060,18.8
2025-05-07T13:31:20.367767,12.5
2025-05-07T13:31:20.568798,18.8
2025-05-07T13:31:20.769781,18.8
2025-05-07T13:31:20.970654,18.8
2025-05-07T13:31:21.171395,18.8
2025-05-07T13:31:21.372120,18.8
2025-05-07T13:31:21.573189,18.8
2025-05-07T13:31:21.774306,18.8
2025-05-07T13:31:21.975122,18.8
2025-05-07T13:31:22.175777,12.5
2025-05-07T13:31:22.376461,18.8
2025-05-07T13:31:22.577380,18.8
2025-05-07T13:31:22.778487,18.8
2025-05-07T13:31:22.979634,18.8
2025-05-07T13:31:23.180750,18.8
2025-05-07T13:31:23.381874,18.8
2025-05-07T13:31:23.582922,18.8
2025-05-07T13:31:23.784009,12.5
2025-05-07T13:31:23.985256,18.8
2025-05-07T13:31:24.186452,18.8
2025-05-07T13:31:24.387845,18.8
2025-05-07T13:31:24.589286,18.8
2025-05-07T13:31:24.790741,18.8
2025-05-07T13:31:24.992087,12.5
2025-05-07T13:31:25.193379,18.8
2025-05-07T13:31:25.394568,18.8
2025-05-07T13:31:25.595852,18.8
2025-05-07T13:31:25.796960,18.8
2025-05-07T13:31:25.998083,18.8
2025-05-07T13:31:26.198998,18.8
2025-05-07T13:31:26.400152,12.5
2025-05-07T13:31:26.601429,18.8
2025-05-07T13:31:26.806212,18.8
2025-05-07T13:31:27.007247,18.8
2025-05-07T13:31:27.208330,18.8
2025-05-07T13:31:27.409388,18.8
2025-05-07T13:31:27.610331,18.8
2025-05-07T13:31:27.811310,18.8
2025-05-07T13:31:28.012208,18.8
2025-05-07T13:31:28.213225,18.8
2025-05-07T13:31:28.414289,18.8
2025-05-07T13:31:28.615018,18.8
2025-05-07T13:31:28.815713,18.8
2025-05-07T13:31:29.016841,18.8
2025-05-07T13:31:29.218130,18.8
2025-05-07T13:31:29.419078,18.8
2025-05-07T13:31:29.619819,18.8
2025-05-07T13:31:29.820564,18.8
2025-05-07T13:31:30.021567,18.8
2025-05-07T13:31:30.222514,18.8
2025-05-07T13:31:30.423168,18.8
2025-05-07T13:31:30.623824,12.5
2025-05-07T13:31:30.824789,18.8
2025-05-07T13:31:31.026064,18.8
2025-05-07T13:31:31.228031,18.8
2025-05-07T13:31:31.429495,18.8
2025-05-07T13:31:31.630378,18.8
2025-05-07T13:31:31.831189,18.8
2025-05-07T13:31:32.032305,18.8
2025-05-07T13:31:32.233535,18.8
2025-05-07T13:31:32.434878,18.8
2025-05-07T13:31:32.636213,18.8
2025-05-07T13:31:32.837576,18.8
2025-05-07T13:31:33.038966,18.8
2025-05-07T13:31:33.240285,18.8
2025-05-07T13:31:33.441651,18.8
2025-05-07T13:31:33.642980,18.8
2025-05-07T13:31:33.844112,18.8
2025-05-07T13:31:34.045311,18.8
2025-05-07T13:31:34.246663,18.8
2025-05-07T13:31:34.448038,18.8
2025-05-07T13:31:34.649355,18.8
2025-05-07T13:31:34.850566,18.8
2025-05-07T13:31:35.051810,18.8
2025-05-07T13:31:35.253142,18.8
2025-05-07T13:31:35.454457,18.8
2025-05-07T13:31:35.655787,18.8
2025-05-07T13:31:35.857129,18.8
2025-05-07T13:31:36.058518,18.8
2025-05-07T13:31:36.259833,18.8
2025-05-07T13:31:36.461160,18.8
2025-05-07T13:31:36.662369,18.8
2025-05-07T13:31:36.863104,18.8
2025-05-07T13:31:37.066182,18.8
2025-05-07T13:31:37.266844,18.8
2025-05-07T13:31:37.468181,18.8
2025-05-07T13:31:37.669478,18.8
2025-05-07T13:31:37.870857,18.8
2025-05-07T13:31:38.072177,18.8
2025-05-07T13:31:38.273507,18.8
2025-05-07T13:31:38.474821,18.8
2025-05-07T13:31:38.676221,18.8
2025-05-07T13:31:38.877538,18.8
2025-05-07T13:31:39.078860,18.8
2025-05-07T13:31:39.280173,18.8
2025-05-07T13:31:39.481381,18.8
2025-05-07T13:31:39.682522,18.8
2025-05-07T13:31:39.883659,18.8
2025-05-07T13:31:40.084801,18.8
2025-05-07T13:31:40.286016,18.8
2025-05-07T13:31:40.487124,18.8
2025-05-07T13:31:40.688263,18.8
2025-05-07T13:31:40.889452,18.8
2025-05-07T13:31:41.090681,18.8
2025-05-07T13:31:41.291792,18.8
2025-05-07T13:31:41.492891,18.8
2025-05-07T13:31:41.693695,18.8
2025-05-07T13:31:41.894320,18.8
2025-05-07T13:31:42.094946,18.8
2025-05-07T13:31:42.295554,18.8
2025-05-07T13:31:42.496456,18.8
2025-05-07T13:31:42.697584,18.8
2025-05-07T13:31:42.899015,18.8
2025-05-07T13:31:43.100143,18.8
2025-05-07T13:31:43.301275,18.8
2025-05-07T13:31:43.502272,18.8
2025-05-07T13:31:43.703382,18.8
2025-05-07T13:31:43.904785,18.8
2025-05-07T13:31:44.106231,18.8
2025-05-07T13:31:44.307524,18.8
2025-05-07T13:31:44.508875,18.8
2025-05-07T13:31:44.710259,18.8
2025-05-07T13:31:44.911449,18.8
2025-05-07T13:31:45.112750,18.8
2025-05-07T13:31:45.314014,18.8
2025-05-07T13:31:45.515247,18.8
2025-05-07T13:31:45.716585,18.8
2025-05-07T13:31:45.918385,18.8
2025-05-07T13:31:46.119361,18.8
2025-05-07T13:31:46.320227,12.5
2025-05-07T13:31:46.521076,18.8
2025-05-07T13:31:46.722329,18.8
2025-05-07T13:31:46.924312,18.8
2025-05-07T13:31:47.125690,18.8
2025-05-07T13:31:47.329500,18.8
2025-05-07T13:31:47.530589,18.8
2025-05-07T13:39:00.302311,18.8
2025-05-07T13:39:00.541238,12.5
2025-05-07T13:39:00.742803,18.8
2025-05-07T13:39:00.943645,18.8
2025-05-07T13:39:01.144380,18.8
2025-05-07T13:39:01.345115,18.8
2025-05-07T13:39:01.546146,18.8
2025-05-07T13:39:01.747236,18.8
2025-05-07T13:39:01.948331,18.8
2025-05-07T13:39:02.149473,12.5
2025-05-07T13:39:02.350651,18.8
2025-05-07T13:39:02.552013,18.8
2025-05-07T13:39:02.753288,18.8
2025-05-07T13:39:02.954441,18.8
2025-05-07T13:39:03.155607,18.8
2025-05-07T13:39:03.356790,12.5
2025-05-07T13:39:03.557933,18.8
2025-05-07T13:39:03.759096,18.8
2025-05-07T13:39:03.960126,18.8
2025-05-07T13:39:04.161039,18.8
2025-05-07T13:39:04.362135,18.8
2025-05-07T13:39:04.562967,18.8
2025-05-07T13:39:04.763814,18.8
2025-05-07T13:39:04.966667,18.8
2025-05-07T13:39:05.167698,18.8
2025-05-07T13:39:05.368887,18.8
2025-05-07T13:39:05.569636,18.8
2025-05-07T13:39:05.771562,18.8
2025-05-07T13:39:05.972540,18.8
2025-05-07T13:39:06.173341,18.8
2025-05-07T13:39:06.374402,12.5
2025-05-07T13:39:06.575524,18.8
2025-05-07T13:39:06.776437,18.8
2025-05-07T13:39:06.977642,18.8
2025-05-07T13:39:07.178991,18.8
2025-05-07T13:39:07.380432,18.8
2025-05-07T13:39:07.581787,18.8
2025-05-07T13:39:07.783137,18.8
2025-05-07T13:39:07.984357,18.8
2025-05-07T13:39:08.185582,18.8
2025-05-07T13:39:08.386961,18.8
2025-05-07T13:39:08.588338,18.8
2025-05-07T13:39:08.789702,18.8
2025-05-07T13:39:08.991054,18.8
2025-05-07T13:39:09.192053,18.8
2025-05-07T13:39:09.393530,18.8
2025-05-07T13:39:09.594820,18.8
2025-05-07T13:39:09.796070,18.8
2025-05-07T13:39:09.997477,18.8
2025-05-07T13:39:10.198770,12.5
2025-05-07T13:39:10.400389,18.8
2025-05-07T13:39:10.601167,18.8
2025-05-07T13:39:10.801785,18.8
2025-05-07T13:39:11.002403,18.8
2025-05-07T13:39:11.203283,18.8
2025-05-07T13:39:11.404436,18.8
2025-05-07T13:39:11.605788,18.8
2025-05-07T13:45:20.002973,18.8
2025-05-07T13:45:20.377420,18.8
2025-05-07T13:45:20.605593,18.8
2025-05-07T13:45:20.806319,18.8
2025-05-07T13:45:21.006934,18.8
2025-05-07T13:45:21.207553,18.8
2025-05-07T13:45:21.408405,18.8
2025-05-07T13:45:21.609625,18.8
2025-05-07T13:45:21.811000,18.8
2025-05-07T13:45:22.012245,18.8
2025-05-07T13:45:22.213498,18.8
2025-05-07T13:45:22.414733,18.8
2025-05-07T13:45:22.615953,18.8
2025-05-07T13:45:22.816888,18.8
2025-05-07T13:45:23.017595,18.8
2025-05-07T13:45:23.218401,12.5
2025-05-07T13:45:23.419112,12.5
2025-05-07T13:45:23.620128,18.8
2025-05-07T13:45:23.821399,18.8
2025-05-07T13:45:24.022706,18.8
2025-05-07T13:45:24.223935,18.8
2025-05-07T13:45:24.425169,18.8
2025-05-07T13:45:24.626440,18.8
2025-05-07T13:45:24.827675,12.5
2025-05-07T13:45:25.029035,18.8
2025-05-07T13:45:25.230623,18.8
2025-05-07T13:45:25.431697,18.8
2025-05-07T13:45:25.632368,18.8
2025-05-07T13:45:25.833048,18.8
2025-05-07T13:45:26.034050,18.8
2025-05-07T13:45:26.235199,18.8
2025-05-07T13:45:26.436365,12.5
2025-05-07T13:45:26.637527,18.8
2025-05-07T13:45:26.838685,18.8
2025-05-07T13:45:27.039854,18.8
2025-05-07T13:45:27.241026,18.8
2025-05-07T13:45:27.442170,18.8
2025-05-07T13:45:27.643370,18.8
2025-05-07T13:45:27.844527,18.8
2025-05-07T13:45:28.045878,18.8
2025-05-07T13:45:28.247017,18.8
2025-05-07T13:45:28.448147,18.8
2025-05-07T13:45:28.649355,18.8
2025-05-07T13:45:28.850602,18.8
2025-05-07T13:45:29.051698,18.8
2025-05-07T13:45:29.252570,18.8
2025-05-07T13:45:29.513508,18.8
2025-05-07T13:45:29.714514,18.8
2025-05-07T13:45:29.915715,18.8
2025-05-07T13:45:30.117003,18.8
2025-05-07T13:45:30.317934,18.8
2025-05-07T13:45:30.518714,18.8
2025-05-07T13:45:30.719472,18.8
2025-05-07T13:45:30.920528,18.8
2025-05-07T13:45:31.121846,18.8
2025-05-07T13:45:31.323315,18.8
2025-05-07T13:45:31.524724,18.8
2025-05-07T13:45:31.726080,18.8
2025-05-07T13:45:31.927234,18.8
2025-05-07T13:45:32.128380,18.8
2025-05-07T13:45:32.329701,12.5
2025-05-07T13:45:32.531092,18.8
2025-05-07T13:45:32.732538,18.8
2025-05-07T13:45:32.933898,18.8
2025-05-07T13:45:33.135278,18.8
2025-05-07T13:45:33.336646,18.8
2025-05-07T13:45:33.538008,18.8
2025-05-07T13:45:33.739366,18.8
2025-05-07T13:45:33.940785,18.8
2025-05-07T15:49:10.852889,18.8
2025-05-07T15:49:11.055392,18.8
2025-05-07T15:49:11.256090,18.8
2025-05-07T15:49:11.456699,18.8
2025-05-07T15:49:11.657309,18.8
2025-05-07T15:49:11.858006,18.8
2025-05-07T15:49:12.058867,18.8
2025-05-07T15:49:12.259559,18.8
2025-05-07T15:49:12.460124,18.8
2025-05-07T15:49:12.660712,18.8
2025-05-07T15:49:12.861248,18.8
2025-05-07T15:49:13.062088,18.8
2025-05-07T15:49:13.262870,18.8
2025-05-07T15:49:13.463750,18.8
2025-05-07T15:49:13.664673,18.8
2025-05-07T15:49:13.865555,18.8
2025-05-07T15:49:14.067575,18.8
2025-05-07T15:49:14.268827,18.8
2025-05-07T15:49:14.469721,18.8
2025-05-07T15:49:14.670464,18.8
2025-05-07T15:49:14.871252,12.5
2025-05-07T15:49:15.071865,18.8
2025-05-07T15:49:15.272457,18.8
2025-05-07T15:49:15.473037,18.8
2025-05-07T15:49:15.673901,18.8
2025-05-07T15:49:15.875016,18.8
2025-05-07T15:49:16.076049,18.8
2025-05-07T15:49:16.277089,18.8
2025-05-07T15:49:16.478090,18.8
2025-05-07T15:49:16.679107,18.8
2025-05-07T15:49:16.880168,18.8
2025-05-07T15:49:17.081214,18.8
2025-05-07T15:49:17.282253,18.8
2025-05-07T15:49:17.483270,18.8
2025-05-07T15:49:17.684332,18.8
2025-05-07T15:49:17.885324,18.8
2025-05-07T15:49:18.086377,18.8
2025-05-07T15:49:18.287458,18.8
2025-05-07T15:49:18.488571,18.8
2025-05-07T15:49:18.689614,18.8
2025-05-07T15:49:18.890736,18.8
2025-05-07T15:49:19.091844,18.8
2025-05-07T15:49:19.292970,18.8
2025-05-07T15:49:19.494132,18.8
2025-05-07T15:49:19.695261,18.8
2025-05-07T15:49:19.896385,18.8
2025-05-07T15:49:20.097529,18.8
2025-05-07T15:49:20.298705,18.8
2025-05-07T15:49:20.499891,18.8
2025-05-07T15:49:20.700920,18.8
2025-05-07T15:49:20.901919,18.8
2025-05-07T15:49:21.102917,18.8
2025-05-07T15:49:21.303959,18.8
2025-05-07T15:49:21.505074,18.8
2025-05-07T15:49:21.706109,18.8
2025-05-07T15:49:21.907134,18.8
2025-05-07T15:49:22.108271,18.8
2025-05-07T15:49:22.309392,18.8
2025-05-07T15:49:22.510589,18.8
2025-05-07T15:49:22.711720,18.8
2025-05-07T15:49:22.912851,18.8
2025-05-07T15:49:23.113975,18.8
2025-05-07T15:49:23.315145,18.8
2025-05-07T15:49:23.516279,18.8
2025-05-07T15:49:23.717409,18.8
2025-05-07T15:49:23.918520,18.8
2025-05-07T15:49:24.119637,18.8
2025-05-07T15:49:24.320753,18.8
2025-05-07T15:49:24.521960,18.8
2025-05-07T15:49:24.723547,18.8
2025-05-07T15:49:24.924703,18.8
2025-05-07T15:49:25.125846,18.8
2025-05-07T15:49:25.326979,18.8
2025-05-07T15:49:25.528070,18.8
2025-05-07T15:49:25.729172,18.8
2025-05-07T15:49:25.930284,18.8
2025-05-07T15:49:26.131434,18.8
2025-05-07T15:49:26.332591,18.8
2025-05-07T15:49:26.533705,18.8
2025-05-07T15:49:26.734812,12.5
2025-05-07T15:49:26.935943,18.8
2025-05-07T15:49:27.137085,18.8
2025-05-07T15:49:27.338225,18.8
2025-05-07T15:49:27.539362,18.8
2025-05-07T15:49:27.740497,18.8
2025-05-07T15:49:27.941625,18.8
2025-05-07T15:49:28.142802,12.5
2025-05-07T15:49:28.343941,12.5
2025-05-07T15:49:28.545113,18.8
2025-05-07T15:49:28.746235,18.8
2025-05-07T15:49:28.947347,18.8
2025-05-07T15:49:29.148457,18.8
2025-05-07T15:49:29.349607,18.8
2025-05-07T15:49:29.550660,18.8
2025-05-07T15:49:29.751689,12.5
2025-05-07T15:49:29.952726,12.5
2025-05-07T15:49:30.153804,18.8
2025-05-07T15:49:30.354936,18.8
2025-05-07T15:49:30.555962,18.8
2025-05-07T15:49:30.756972,18.8
2025-05-07T15:49:30.957990,18.8
2025-05-07T15:49:31.159009,18.8
2025-05-07T15:49:31.360026,18.8
2025-05-07T15:49:31.561036,18.8
2025-05-07T15:49:31.762049,18.8
2025-05-07T15:49:31.963083,18.8
2025-05-07T15:49:32.164117,18.8
2025-05-07T15:49:32.365131,18.8
2025-05-07T15:49:32.566194,18.8
2025-05-07T15:49:32.767258,18.8
2025-05-07T15:49:32.968268,18.8
2025-05-07T15:49:33.169268,18.8
2025-05-07T15:49:33.370279,18.8
2025-05-07T15:49:33.571281,18.8
2025-05-07T15:49:33.772300,18.8
2025-05-07T15:49:33.973295,18.8
2025-05-07T15:49:34.174386,18.8
2025-05-07T15:49:34.375394,18.8
2025-05-07T15:49:34.576391,18.8
2025-05-07T15:49:34.777378,18.8
2025-05-07T15:49:34.978380,18.8
2025-05-07T15:49:35.179453,18.8
2025-05-07T15:49:35.380444,18.8
2025-05-07T15:49:35.581460,18.8
2025-05-07T15:49:35.782445,18.8
2025-05-07T15:49:35.983425,18.8
2025-05-07T15:49:36.184429,18.8
2025-05-07T15:49:36.385417,18.8
2025-05-07T15:49:36.586390,18.8
2025-05-07T15:49:36.787370,18.8
2025-05-07T15:49:36.988392,18.8
2025-05-07T15:49:37.189382,18.8
2025-05-07T15:49:37.390363,18.8
2025-05-07T15:49:37.591411,18.8
2025-05-07T15:49:37.792445,18.8
2025-05-07T15:49:37.993421,18.8
2025-05-07T15:49:38.194466,18.8
2025-05-07T15:49:38.395454,18.8
2025-05-07T15:49:38.596405,18.8
2025-05-07T15:49:38.797389,18.8
2025-05-07T15:49:38.998380,18.8
2025-05-07T15:49:39.199328,18.8
2025-05-07T15:49:39.400310,18.8
2025-05-07T15:49:39.601271,18.8
2025-05-07T15:49:39.802248,18.8
2025-05-07T15:49:40.003239,18.8
2025-05-07T15:49:40.204277,18.8
2025-05-07T15:49:40.405333,18.8
2025-05-07T15:49:40.606360,18.8
2025-05-07T15:49:40.807329,18.8
2025-05-07T15:49:41.008323,18.8
2025-05-07T15:49:41.209266,18.8
2025-05-07T15:49:41.410253,18.8
2025-05-07T15:49:41.611223,18.8
2025-05-07T15:49:41.812197,18.8
2025-05-07T15:49:42.013187,18.8
2025-05-07T15:49:42.214198,18.8
2025-05-07T15:49:42.415220,18.8
2025-05-07T15:49:42.616216,18.8
2025-05-07T15:49:42.817209,18.8
2025-05-07T15:49:43.018267,18.8
2025-05-07T15:49:43.219273,18.8
2025-05-07T15:49:43.420266,18.8
2025-05-07T15:49:43.621239,18.8
2025-05-07T15:49:43.822215,18.8
2025-05-07T15:49:44.023199,18.8
2025-05-07T15:49:44.224250,18.8
2025-05-07T15:49:44.425242,18.8
2025-05-07T15:49:44.626211,18.8
2025-05-07T15:49:44.827186,18.8
2025-05-07T15:49:45.028150,18.8
2025-05-07T15:49:45.229138,18.8
2025-05-07T15:49:45.430133,18.8
2025-05-07T15:49:45.631111,18.8
2025-05-07T15:49:45.832204,18.8
2025-05-07T15:49:46.033161,18.8
2025-05-07T15:49:46.234175,18.8
2025-05-07T15:49:46.435176,18.8
2025-05-07T15:49:46.636167,18.8
2025-05-07T15:49:46.837164,18.8
2025-05-07T15:49:47.038148,18.8
2025-05-07T15:49:47.239160,18.8
2025-05-07T15:49:47.440164,18.8
2025-05-07T15:49:47.641148,18.8
2025-05-07T15:49:47.842143,18.8
2025-05-07T15:49:48.043133,18.8
2025-05-07T15:49:48.244163,18.8
2025-05-07T15:49:48.445244,18.8
2025-05-07T15:49:48.646265,18.8
2025-05-07T15:49:48.847253,18.8
2025-05-07T15:49:49.048243,18.8
2025-05-07T15:49:49.249228,18.8
2025-05-07T15:49:49.450216,12.5
2025-05-07T15:49:49.651226,18.8
2025-05-07T15:49:49.852233,18.8
2025-05-07T15:49:50.053233,18.8
2025-05-07T15:49:50.254278,18.8
2025-05-07T15:49:50.455271,18.8
2025-05-07T15:49:50.656229,18.8
2025-05-07T15:49:50.857217,18.8
2025-05-07T15:49:51.058296,18.8
2025-05-07T15:49:51.259307,18.8
2025-05-07T15:49:51.460296,18.8
2025-05-07T15:49:51.661281,18.8
2025-05-07T15:49:51.862281,18.8
2025-05-07T15:49:52.063276,18.8
2025-05-07T15:49:52.264312,18.8
2025-05-07T15:49:52.465305,18.8
2025-05-07T15:49:52.666286,18.8
2025-05-07T15:49:52.867280,18.8
2025-05-07T15:49:53.068267,18.8
2025-05-07T15:49:53.269258,18.8
2025-05-07T15:49:53.470247,18.8
2025-05-07T15:49:53.671313,18.8
2025-05-07T15:49:53.872322,18.8
2025-05-07T15:49:54.073305,18.8
2025-05-07T15:49:54.274345,18.8
2025-05-07T15:49:54.475329,18.8
2025-05-07T15:49:54.676315,18.8
2025-05-07T15:49:54.877300,18.8
2025-05-07T15:49:55.078301,18.8
2025-05-07T15:49:55.279298,18.8
2025-05-07T15:49:55.480288,18.8
2025-05-07T15:49:55.681271,18.8
2025-05-07T15:49:55.882282,18.8
2025-05-07T15:49:56.083288,18.8
2025-05-07T15:49:56.284431,18.8
2025-05-07T15:49:56.485442,18.8
2025-05-07T15:49:56.686442,12.5
2025-05-07T15:49:56.887460,18.8
2025-05-07T15:49:57.088458,18.8
2025-05-07T15:49:57.289472,18.8
2025-05-07T15:49:57.490472,18.8
2025-05-07T15:49:57.691505,18.8
2025-05-07T15:49:57.892510,18.8
2025-05-07T15:49:58.093472,18.8
2025-05-07T15:49:58.294468,18.8
2025-05-07T15:49:58.495494,18.8
2025-05-07T15:49:58.696479,18.8
2025-05-07T15:49:58.897532,18.8
2025-05-07T15:49:59.098524,18.8
2025-05-07T15:49:59.299584,18.8
2025-05-07T15:49:59.500599,18.8
2025-05-07T15:49:59.701613,18.8
2025-05-07T15:49:59.902644,18.8
2025-05-07T15:50:00.103648,18.8
2025-05-07T15:50:00.304907,94.1
2025-05-07T15:50:00.505940,18.8
2025-05-07T15:50:00.706958,12.5
2025-05-07T15:50:00.907986,12.5
2025-05-07T15:50:01.108977,18.8
2025-05-07T15:50:01.310010,94.1
2025-05-07T15:50:01.511129,18.8
2025-05-07T15:50:01.712292,18.8
2025-05-07T15:50:01.913427,18.8
2025-05-07T15:50:02.114575,18.8
2025-05-07T15:50:02.315701,18.8
2025-05-07T15:50:02.516879,18.8
2025-05-07T15:50:02.717977,18.8
2025-05-07T15:50:02.919143,18.8
2025-05-07T15:50:03.120261,18.8
2025-05-07T15:50:03.321401,18.8
2025-05-07T15:50:03.522459,18.8
2025-05-07T15:50:03.723454,18.8
2025-05-07T15:50:03.924495,18.8
2025-05-07T15:50:04.125506,18.8
2025-05-07T15:50:04.326665,18.8
2025-05-07T15:50:04.527775,18.8
2025-05-07T15:50:04.728874,18.8
2025-05-07T15:50:04.930149,18.8
2025-05-07T15:50:05.131053,18.8
2025-05-07T15:50:05.331874,18.8
2025-05-07T15:50:05.532825,18.8
2025-05-07T15:50:05.733634,18.8
2025-05-07T15:50:06.065689,18.8
2025-05-07T15:50:06.266563,18.8
2025-05-07T15:50:06.467425,18.8
2025-05-07T15:50:06.668491,18.8
2025-05-07T15:50:06.869636,18.8
2025-05-07T15:50:07.070763,18.8
2025-05-07T15:50:07.271884,18.8
2025-05-07T15:50:07.473020,18.8
2025-05-07T15:50:07.674175,18.8
2025-05-07T15:50:07.875300,18.8
2025-05-07T15:50:08.076422,18.8
2025-05-07T15:50:08.277220,18.8
2025-05-07T15:50:08.477866,18.8
2025-05-07T15:50:08.678515,18.8
2025-05-07T15:50:08.879518,18.8
2025-05-07T15:50:09.080747,18.8
2025-05-07T15:50:09.281858,18.8
2025-05-07T15:50:09.483003,18.8
2025-05-07T15:50:09.684183,18.8
2025-05-07T15:50:09.885196,18.8
2025-05-07T15:50:10.086164,18.8
2025-05-07T15:50:10.287227,18.8
2025-05-07T15:50:10.488187,18.8
2025-05-07T15:50:10.689191,18.8
2025-05-07T15:50:10.890333,18.8
2025-05-07T15:50:11.091428,18.8
2025-05-07T15:50:11.292579,18.8
2025-05-07T15:50:11.493733,18.8
2025-05-07T15:50:11.694862,18.8
2025-05-07T15:50:11.896011,18.8
2025-05-07T15:50:12.097178,18.8
2025-05-07T15:50:12.298335,18.8
2025-05-07T15:50:12.499425,18.8
2025-05-07T15:50:12.700528,18.8
2025-05-07T15:50:12.901765,18.8
2025-05-07T15:50:13.102972,18.8
2025-05-07T15:50:13.304160,18.8
2025-05-07T15:50:13.505282,18.8
2025-05-07T15:50:13.706386,18.8
2025-05-07T17:17:37.154961,12.5
2025-05-07T17:17:37.356674,12.5
2025-05-07T17:17:37.557371,12.5
2025-05-07T17:17:37.757957,12.5
2025-05-07T17:17:37.958868,18.8
2025-05-07T17:17:38.159854,18.8
2025-05-07T17:17:38.360868,18.8
2025-05-07T17:17:38.562015,18.8
2025-05-07T17:17:38.763497,18.8
2025-05-07T17:17:38.964569,12.5
2025-05-07T17:17:39.165619,12.5
2025-05-07T17:17:39.366673,18.8
2025-05-07T17:17:39.567747,18.8
2025-05-07T17:17:39.768513,18.8
2025-05-07T17:17:39.969122,18.8
2025-05-07T17:17:40.169718,18.8
2025-05-07T17:17:40.370409,18.8
2025-05-07T17:17:40.571342,18.8
2025-05-07T17:17:40.772386,18.8
2025-05-07T17:17:40.973526,18.8
2025-05-07T17:17:41.174562,18.8
2025-05-07T17:17:41.375565,12.5
2025-05-07T17:17:41.576589,12.5
2025-05-07T17:17:41.777596,18.8
2025-05-07T17:17:41.978604,18.8
2025-05-07T17:17:42.179595,18.8
2025-05-07T17:17:42.380596,18.8
2025-05-07T17:17:42.581584,18.8
2025-05-07T17:17:42.782580,18.8
2025-05-07T17:17:42.983662,12.5
2025-05-07T17:17:43.184667,18.8
2025-05-07T17:17:43.385676,18.8
2025-05-07T17:17:43.586680,18.8
2025-05-07T17:17:43.787682,18.8
2025-05-07T17:17:43.988807,18.8
2025-05-07T17:17:44.189827,18.8
2025-05-07T17:17:44.390829,12.5
2025-05-07T17:17:44.591831,12.5
2025-05-07T17:17:44.792835,18.8
2025-05-07T17:17:44.993860,12.5
2025-05-07T17:17:45.195006,18.8
2025-05-07T17:17:45.396121,18.8
2025-05-07T17:17:45.597229,18.8
2025-05-07T17:17:45.798313,12.5
2025-05-07T17:17:45.999430,12.5
2025-05-07T17:17:46.200637,12.5
2025-05-07T17:17:46.401753,18.8
2025-05-07T17:17:46.602861,18.8
2025-05-07T17:17:46.805754,12.5
2025-05-07T17:17:47.006865,18.8
2025-05-07T17:17:47.207991,18.8
2025-05-07T17:17:47.409140,18.8
2025-05-07T17:17:47.610294,18.8
2025-05-07T17:17:47.811393,18.8
2025-05-07T17:17:48.012482,18.8
2025-05-07T17:17:48.213625,18.8
2025-05-07T17:17:48.414710,18.8
2025-05-07T17:17:48.615820,18.8
2025-05-07T17:17:48.816908,18.8
2025-05-07T17:17:49.018024,18.8
2025-05-07T17:17:49.219130,18.8
2025-05-07T17:17:49.420272,18.8
2025-05-07T17:17:49.621402,18.8
2025-05-07T17:17:49.822487,12.5
2025-05-07T17:17:50.023640,18.8
2025-05-07T17:17:50.224730,18.8
2025-05-07T17:17:50.425834,18.8
2025-05-07T17:17:50.626941,18.8
2025-05-07T17:17:50.828128,18.8
2025-05-07T17:17:51.029264,18.8
2025-05-07T17:17:51.230450,12.5
2025-05-07T17:17:51.431701,18.8
2025-05-07T17:17:51.632877,18.8
2025-05-07T17:17:51.838283,18.8
2025-05-07T17:17:52.039450,12.5
2025-05-07T17:17:52.240547,12.5
2025-05-07T17:17:52.441649,18.8
2025-05-07T17:17:52.642762,18.8
2025-05-07T17:17:52.843955,18.8
2025-05-07T17:17:53.045111,18.8
2025-05-07T17:17:53.246254,18.8
2025-05-07T17:17:53.447420,12.5
2025-05-07T17:17:53.648586,12.5
2025-05-07T17:17:53.849698,12.5
2025-05-07T17:17:54.050816,18.8
2025-05-07T17:17:54.251921,18.8
2025-05-07T17:17:54.453037,18.8
2025-05-07T17:17:54.654219,18.8
2025-05-07T17:17:54.855332,18.8
2025-05-07T17:17:55.056469,12.5
2025-05-07T17:17:55.257614,12.5
2025-05-07T17:17:55.458810,18.8
2025-05-07T17:17:55.659852,18.8
2025-05-07T17:17:55.860907,18.8
2025-05-07T17:17:56.061949,18.8
2025-05-07T17:17:56.262997,18.8
2025-05-07T17:17:56.464110,12.5
2025-05-07T17:17:56.665179,12.5
2025-05-07T17:17:56.866257,18.8
2025-05-07T17:17:57.067331,18.8
2025-05-07T17:17:57.268384,18.8
2025-05-07T17:17:57.469501,18.8
2025-05-07T17:17:57.670614,18.8
2025-05-07T17:17:57.871665,12.5
2025-05-07T17:17:58.072725,12.5
2025-05-07T17:17:58.273832,18.8
2025-05-07T17:17:58.474890,18.8
2025-05-07T17:17:58.675951,18.8
2025-05-07T17:17:58.877067,18.8
2025-05-07T17:17:59.078437,94.1
2025-05-07T17:17:59.279617,94.1
2025-05-07T17:17:59.480262,18.8
2025-05-07T17:17:59.680996,18.8
2025-05-07T17:17:59.881908,18.8
2025-05-07T17:18:00.082636,18.8
2025-05-07T17:18:00.283315,18.8
2025-05-07T17:18:00.484004,94.1
2025-05-07T17:18:00.685021,94.1
2025-05-07T17:18:00.886160,18.8
2025-05-07T17:18:01.087190,94.1
2025-05-07T17:18:01.288125,12.5
2025-05-07T17:18:01.489103,12.5
2025-05-07T17:18:01.689896,12.5
2025-05-07T17:25:18.284154,12.5
2025-05-07T17:25:18.519793,12.5
2025-05-07T17:25:18.720456,12.5
2025-05-07T17:25:18.921032,12.5
2025-05-07T17:25:19.121916,18.8
2025-05-07T17:25:19.322982,12.5
2025-05-07T17:25:19.523953,12.5
2025-05-07T17:25:19.724966,12.5
2025-05-07T17:25:19.925730,12.5
2025-05-07T17:25:20.126340,12.5
2025-05-07T17:25:20.326969,18.8
2025-05-07T17:25:20.527654,18.8
2025-05-07T17:25:20.728704,18.8
2025-05-07T17:25:20.929639,18.8
2025-05-07T17:25:21.130693,12.5
2025-05-07T17:25:21.331841,12.5
2025-05-07T17:25:21.532954,12.5
2025-05-07T17:25:21.734070,12.5
2025-05-07T17:25:21.935181,18.8
2025-05-07T17:25:22.136305,18.8
2025-05-07T17:25:22.337386,18.8
2025-05-07T17:25:22.538540,12.5
2025-05-07T17:25:22.739734,12.5
2025-05-07T17:25:22.940856,12.5
2025-05-07T17:25:23.141957,12.5
2025-05-07T17:25:23.343057,12.5
2025-05-07T17:25:23.544176,18.8
2025-05-07T17:25:23.745276,18.8
2025-05-07T17:25:23.946441,18.8
2025-05-07T17:25:24.147359,12.5
2025-05-07T17:25:24.348423,12.5
2025-05-07T17:25:24.549574,12.5
2025-05-07T17:25:24.750892,12.5
2025-05-07T17:25:24.952038,12.5
2025-05-07T17:25:25.153178,18.8
2025-05-07T17:25:25.354314,18.8
2025-05-07T17:25:25.555442,12.5
2025-05-07T17:25:25.756632,12.5
2025-05-07T17:25:25.957777,12.5
2025-05-07T17:25:26.158927,12.5
2025-05-07T17:25:26.360075,12.5
2025-05-07T17:25:26.561303,18.8
2025-05-07T17:25:26.762447,18.8
2025-05-07T17:25:26.963601,18.8
2025-05-07T17:25:27.164734,12.5
2025-05-07T17:25:27.365890,12.5
2025-05-07T17:25:27.567027,12.5
2025-05-07T17:25:27.768165,12.5
2025-05-07T17:25:27.969307,12.5
2025-05-07T17:25:28.170419,18.8
2025-05-07T17:25:28.371595,12.5
2025-05-07T17:25:28.572748,12.5
2025-05-07T17:25:28.773868,12.5
2025-05-07T17:25:28.974973,12.5
2025-05-07T17:25:29.176112,18.8
2025-05-07T17:25:29.377229,12.5
2025-05-07T17:25:29.578330,18.8
2025-05-07T17:25:29.779434,18.8
2025-05-07T17:25:29.980533,18.8
2025-05-07T17:25:30.181627,12.5
2025-05-07T17:25:30.382779,12.5
2025-05-07T17:25:30.583925,12.5
2025-05-07T17:25:30.785086,12.5
2025-05-07T17:25:30.986119,18.8
2025-05-07T17:25:31.187109,18.8
2025-05-07T17:25:31.388093,18.8
2025-05-07T17:25:31.589094,18.8
2025-05-07T17:25:31.790102,12.5
2025-05-07T17:25:31.991106,12.5
2025-05-07T17:25:32.192149,12.5
2025-05-07T17:25:32.393139,12.5
2025-05-07T17:25:32.594102,18.8
2025-05-07T17:25:32.795193,18.8
2025-05-07T17:25:32.996226,18.8
2025-05-07T17:25:33.197202,12.5
2025-05-07T17:25:33.398189,12.5
2025-05-07T17:25:33.599016,12.5
2025-05-07T17:25:33.799732,12.5
2025-05-07T17:25:34.000832,12.5
2025-05-07T17:25:34.201928,18.8
2025-05-07T17:25:34.402851,18.8
2025-05-07T17:25:34.603651,12.5
2025-05-07T17:25:34.804388,12.5
2025-05-07T17:25:35.005346,12.5
2025-05-07T17:25:35.206362,18.8
2025-05-07T17:25:35.407371,18.8
2025-05-07T17:25:35.608416,18.8
2025-05-07T17:25:35.809900,18.8
2025-05-07T17:25:36.011078,18.8
2025-05-07T17:25:36.212216,12.5
2025-05-07T17:25:36.413308,12.5
2025-05-07T17:25:36.614440,12.5
2025-05-07T17:25:36.815601,12.5
2025-05-07T17:25:37.016397,12.5
2025-05-07T17:25:37.217036,18.8
2025-05-07T17:25:37.417648,18.8
2025-05-07T17:25:37.618269,12.5
2025-05-07T17:25:37.819251,12.5
2025-05-07T17:25:38.020373,12.5
2025-05-07T17:25:38.221496,12.5
2025-05-07T17:25:38.422642,12.5
2025-05-07T17:25:38.623750,18.8
2025-05-07T17:25:38.824859,18.8
2025-05-07T17:25:39.026078,18.8
2025-05-07T17:25:39.227196,12.5
2025-05-07T17:25:39.428294,18.8
2025-05-07T17:25:39.629523,94.1
2025-05-07T17:25:39.830525,12.5
2025-05-07T17:25:40.031481,12.5
2025-05-07T17:25:40.232451,18.8
2025-05-07T17:25:40.433426,18.8
2025-05-07T17:25:40.634467,12.5
2025-05-07T17:25:40.835463,12.5
2025-05-07T17:25:41.036478,12.5
2025-05-07T17:25:41.237398,12.5
2025-05-07T17:25:41.438224,12.5
2025-05-07T17:25:41.639037,18.8
2025-05-07T17:25:41.839732,18.8
2025-05-07T17:25:42.040346,12.5
2025-05-07T17:25:42.241172,12.5
2025-05-07T17:25:42.442452,12.5
2025-05-07T17:25:42.643357,12.5
2025-05-07T17:25:42.843999,12.5
2025-05-07T17:25:43.044615,18.8
2025-05-07T17:25:43.245425,18.8
2025-05-07T17:25:43.446494,18.8
2025-05-07T17:25:43.647709,12.5
2025-05-07T17:25:43.848770,12.5
2025-05-07T17:25:44.049627,12.5
2025-05-07T17:25:44.250899,12.5
2025-05-07T17:25:44.452036,12.5
2025-05-07T17:25:44.652755,18.8
2025-05-07T17:25:44.853410,18.8
2025-05-07T17:25:45.054021,12.5
2025-05-07T17:25:45.255417,12.5
2025-05-07T17:25:45.456600,12.5
2025-05-07T17:25:45.657518,12.5
2025-05-07T17:25:45.859052,12.5
2025-05-07T17:25:46.060782,18.8
2025-05-07T17:25:46.261722,18.8
2025-05-07T17:25:46.462699,18.8
2025-05-07T17:25:46.663496,12.5
2025-05-07T17:25:46.864443,12.5
2025-05-07T17:25:47.065576,12.5
2025-05-07T17:25:47.266661,12.5
2025-05-07T17:25:47.467645,12.5
2025-05-07T17:25:47.668305,18.8
2025-05-07T17:25:47.868918,18.8
2025-05-07T17:25:48.069792,12.5
2025-05-07T17:25:48.270881,12.5
2025-05-07T17:25:48.471959,12.5
2025-05-07T17:25:48.672684,12.5
2025-05-07T17:25:48.873335,12.5
2025-05-08T14:35:40.932507,94.1
2025-05-08T14:35:41.134634,94.1
2025-05-08T14:35:41.335247,94.1
2025-05-08T14:35:41.535807,94.1
2025-05-08T14:35:41.736364,94.1
2025-05-08T14:35:41.937235,94.1
2025-05-08T14:35:42.138235,94.1
2025-05-08T14:35:42.339198,94.1
2025-05-08T14:35:42.540193,94.1
2025-05-08T14:35:42.741135,94.1
2025-05-08T14:35:42.942112,94.1
2025-05-08T14:35:43.143079,94.1
2025-05-08T14:35:43.344077,94.1
2025-05-08T14:35:43.545144,94.1
2025-05-08T14:35:43.746175,94.1
2025-05-08T14:35:43.947172,94.1
2025-05-08T14:35:44.148154,94.1
2025-05-08T14:35:44.349135,94.1
2025-05-08T14:35:44.550121,94.1
2025-05-08T14:35:44.751105,94.1
2025-05-08T14:35:44.952087,94.1
2025-05-08T14:35:45.153069,94.1
2025-05-08T14:35:45.354037,94.1
2025-05-08T14:35:45.559348,94.1
2025-05-08T14:35:45.760515,87.8
2025-05-08T14:35:45.961491,87.8
2025-05-08T14:35:46.162465,87.8
2025-05-08T14:35:46.363502,87.8
2025-05-08T14:35:46.564561,87.8
2025-05-08T14:35:46.765664,87.8
2025-05-08T14:35:46.966679,87.8
2025-05-08T14:35:47.167656,87.8
2025-05-08T14:35:47.368639,94.1
2025-05-08T14:35:47.569639,94.1
2025-05-08T14:35:47.770636,94.1
2025-05-08T14:35:47.971626,94.1
2025-05-08T14:35:48.172603,94.1
2025-05-08T14:35:48.373580,94.1
2025-05-08T14:35:48.574579,94.1
2025-05-08T14:35:48.775629,87.8
2025-05-08T14:35:48.976710,87.8
2025-05-08T14:35:49.177785,87.8
2025-05-08T14:35:49.378706,94.1
2025-05-08T14:35:49.579642,87.8
2025-05-08T14:35:49.780864,12.5
2025-05-08T14:35:49.981864,12.5
2025-05-08T14:35:50.182856,12.5
2025-05-08T14:35:50.383831,12.5
2025-05-08T14:35:50.584828,87.8
2025-05-08T14:35:50.785865,87.8
2025-05-08T14:35:50.986866,12.5
2025-05-08T14:35:51.187860,87.8
2025-05-08T14:35:51.388865,94.1
2025-05-08T14:35:51.589856,94.1
2025-05-08T14:35:51.790851,94.1
2025-05-08T14:35:51.991917,94.1
2025-05-08T14:35:52.192904,94.1
2025-05-08T14:35:52.393892,94.1
2025-05-08T14:35:52.594885,94.1
2025-05-08T14:35:52.795874,94.1
2025-05-08T14:35:52.996902,94.1
2025-05-08T14:35:53.197872,94.1
2025-05-08T14:35:53.398846,94.1
2025-05-08T14:35:53.599817,94.1
2025-05-08T14:35:53.800791,87.8
2025-05-08T14:35:54.001770,87.8
2025-05-08T14:35:54.202743,87.8
2025-05-08T14:35:54.403697,94.1
2025-05-08T14:35:54.604663,94.1
2025-05-08T14:35:54.805995,94.1
2025-05-08T14:35:55.006963,94.1
2025-05-08T14:35:55.207920,94.1
2025-05-08T14:35:55.408888,94.1
2025-05-08T14:35:55.609854,94.1
2025-05-08T14:35:55.810847,94.1
2025-05-08T14:35:56.011849,94.1
2025-05-08T14:35:56.212844,94.1
2025-05-08T14:35:56.413836,94.1
2025-05-08T14:35:56.614824,94.1
2025-05-08T14:35:56.815858,94.1
2025-05-08T14:35:57.016842,94.1
2025-05-08T14:35:57.217737,94.1
2025-05-08T14:35:57.418498,94.1
2025-05-08T14:35:57.619319,94.1
2025-05-08T14:35:57.820367,94.1
2025-05-08T14:35:58.021296,94.1
2025-05-08T14:54:40.978217,94.1
2025-05-08T14:54:41.178937,94.1
2025-05-08T14:54:41.379571,94.1
2025-05-08T14:54:41.580534,94.1
2025-05-08T14:54:41.781814,94.1
2025-05-08T14:54:41.983260,94.1
2025-05-08T14:54:42.184294,94.1
2025-05-08T14:54:42.385311,94.1
2025-05-08T14:54:42.586343,94.1
2025-05-08T14:54:42.787478,94.1
2025-05-08T14:54:42.988401,94.1
2025-05-08T14:54:43.189439,94.1
2025-05-08T14:54:43.390475,94.1
2025-05-08T14:54:43.591589,94.1
2025-05-08T14:54:43.792758,94.1
2025-05-08T14:54:43.993878,94.1
2025-05-08T14:54:44.194610,94.1
2025-05-08T14:54:44.395205,94.1
2025-05-08T14:54:44.595793,94.1
2025-05-08T14:54:44.796625,94.1
2025-05-08T14:54:44.997625,94.1
2025-05-08T14:54:45.198581,94.1
2025-05-08T14:54:45.399622,94.1
2025-05-08T14:54:45.600550,94.1
2025-05-08T14:54:45.801414,94.1
2025-05-08T14:54:46.002551,94.1
2025-05-08T14:54:46.203799,94.1
2025-05-08T14:54:46.405047,94.1
2025-05-08T14:54:46.606285,94.1
2025-05-08T14:54:46.807456,94.1
2025-05-08T14:54:47.008638,94.1
2025-05-08T14:54:47.209812,94.1
2025-05-08T14:54:47.410996,94.1
2025-05-08T14:54:47.612248,94.1
2025-05-08T14:54:47.813709,87.8
2025-05-08T14:54:48.015025,87.8
2025-05-08T14:54:48.216270,87.8
2025-05-08T14:54:48.417498,87.8
2025-05-08T14:54:48.618725,87.8
2025-05-08T14:54:48.819951,87.8
2025-05-08T14:54:49.021174,87.8
2025-05-08T14:54:49.222429,87.8
2025-05-08T14:54:49.423656,87.8
2025-05-08T14:54:49.624908,94.1
2025-05-08T14:54:49.826322,94.1
2025-05-08T14:54:50.027530,94.1
2025-05-08T14:54:50.228727,87.8
2025-05-08T14:54:50.429909,87.8
2025-05-08T14:54:50.631116,18.8
2025-05-08T14:54:50.832530,12.5
2025-05-08T14:54:51.033742,18.8
2025-05-08T14:54:51.235126,12.5
2025-05-08T14:54:51.436377,12.5
2025-05-08T14:54:51.637544,12.5
2025-05-08T14:54:51.838683,12.5
2025-05-08T14:54:52.039820,12.5
2025-05-08T14:54:52.240965,12.5
2025-05-08T14:54:52.442096,12.5
2025-05-08T14:54:52.643237,12.5
2025-05-08T14:54:52.844352,18.8
2025-05-08T14:54:53.045478,94.1
2025-05-08T14:54:53.246656,94.1
2025-05-08T14:54:53.447861,94.1
2025-05-08T14:54:53.649016,94.1
2025-05-08T14:54:53.850143,94.1
2025-05-08T14:54:54.051414,94.1
2025-05-08T14:54:54.252431,94.1
2025-05-08T14:54:54.453411,94.1
2025-05-08T14:54:54.654772,94.1
