timestamp,distance_cm
2025-05-09T17:27:42,149.2
2025-05-09T17:27:42,136.6
2025-05-09T17:27:43,113.0
2025-05-09T17:27:44,86.2
2025-05-09T17:27:44,65.7
2025-05-09T17:27:45,46.9
2025-05-09T17:27:46,26.5
2025-05-09T17:27:46,11.7
2025-05-09T17:27:47,15.6
2025-05-09T17:27:47,215.4
2025-05-09T17:27:48,216.0
2025-05-09T17:27:49,215.9
2025-05-09T17:27:49,216.3
2025-05-09T17:27:50,216.3
2025-05-09T17:27:51,215.9
2025-05-09T17:27:51,215.2
2025-05-09T17:27:52,215.9
2025-05-09T17:27:52,204.5
2025-05-09T17:27:53,186.0
2025-05-09T17:27:54,168.0
2025-05-09T17:27:54,150.3
2025-05-09T17:27:55,131.0
2025-05-09T17:27:56,108.1
2025-05-09T17:27:56,90.1
2025-05-09T17:27:57,71.6
2025-05-09T17:27:58,86.6
2025-05-09T17:27:58,69.9
2025-05-09T17:27:59,237.3
2025-05-09T17:27:59,1028.7
2025-05-09T17:28:00,215.6
2025-05-09T17:28:01,323.9
2025-05-09T17:28:01,194.8
2025-05-09T17:28:02,1028.4
2025-05-09T17:28:03,19.4
2025-05-09T17:28:03,658.3
2025-05-09T17:28:04,143.9
2025-05-09T17:28:05,1028.2
2025-05-09T17:28:05,25.2
2025-05-09T17:28:06,228.7
2025-05-09T17:28:06,23.9
2025-05-09T17:28:07,24.0
2025-05-09T17:28:08,22.7
2025-05-09T17:28:08,22.4
2025-05-09T17:28:09,22.8
2025-05-09T17:43:54,414.7
2025-05-09T17:43:55,95.3
2025-05-09T17:43:55,93.3
2025-05-09T17:43:56,56.5
2025-05-09T17:43:57,37.2
2025-05-09T17:43:57,20.5
2025-05-09T17:43:58,51.4
2025-05-09T17:43:59,867.0
2025-05-09T17:43:59,239.0
2025-05-09T17:44:00,307.0
2025-05-09T17:44:01,213.0
2025-05-09T17:44:01,22.5
2025-05-09T17:44:02,87.0
2025-05-09T17:44:02,87.4
2025-05-09T17:44:03,87.7
2025-05-09T17:44:04,225.6
2025-05-09T17:44:04,225.7
2025-05-09T17:44:05,87.9
2025-05-09T17:44:05,87.4
2025-05-09T17:44:06,81.6
2025-05-09T17:44:07,208.2
2025-05-09T17:44:07,189.7
2025-05-09T17:44:08,173.3
2025-05-09T17:44:09,156.5
2025-05-09T17:44:09,136.5
2025-05-09T17:44:10,117.0
2025-05-09T17:44:10,97.9
2025-05-09T17:44:11,82.6
2025-05-09T17:44:12,65.1
2025-05-09T17:44:12,49.8
2025-05-09T17:44:47,66.2
2025-05-09T17:44:48,63.4
2025-05-09T17:44:49,44.3
2025-05-09T17:44:49,25.0
2025-05-09T17:44:50,9.8
2025-05-09T17:44:50,13.2
2025-05-09T17:44:51,10.0
2025-05-09T17:44:52,207.6
2025-05-09T17:44:52,207.6
2025-05-09T17:44:53,207.5
2025-05-09T17:44:54,207.3
2025-05-09T17:44:54,207.2
2025-05-09T17:44:55,207.2
2025-05-09T17:44:55,207.0
2025-05-09T17:44:56,229.1
2025-05-09T17:44:57,168.3
2025-05-09T17:44:57,167.0
2025-05-09T17:44:58,148.1
2025-05-09T17:44:59,129.9
2025-05-09T17:44:59,109.4
2025-05-09T17:45:00,89.6
2025-05-09T17:45:00,70.6
2025-05-09T17:45:01,57.3
2025-05-09T17:45:02,69.2
2025-05-09T17:45:02,145.5
2025-05-09T17:45:03,89.7
2025-05-09T17:45:04,212.4
2025-05-09T17:45:40,38.6
2025-05-09T17:45:41,38.1
2025-05-09T17:45:41,21.1
2025-05-09T17:45:42,37.6
2025-05-09T17:45:43,189.2
2025-05-09T17:45:43,189.3
2025-05-09T17:45:44,112.2
2025-05-09T17:45:44,189.3
2025-05-09T17:45:45,189.3
2025-05-09T17:45:46,189.2
2025-05-09T17:45:46,189.1
2025-05-09T17:45:47,186.4
2025-05-09T17:45:47,169.1
2025-05-09T17:45:48,151.3
2025-05-09T17:45:49,128.0
2025-05-09T17:45:49,110.0
2025-05-09T17:45:50,124.3
2025-05-09T17:45:51,102.1
2025-05-09T17:45:51,140.1
2025-05-09T17:45:52,124.9
2025-05-09T17:45:53,238.4
2025-05-09T17:45:53,1028.4
2025-05-09T17:45:54,66.4
2025-05-09T17:45:54,46.7
2025-05-09T17:45:55,28.9
2025-05-09T17:45:56,10.7
2025-05-09T17:45:57,123.1
2025-05-09T17:45:58,124.8
2025-05-09T17:45:58,124.6
2025-05-09T17:45:59,124.6
2025-05-09T17:45:59,124.3
2025-05-09T17:46:00,124.5
2025-05-09T17:46:01,106.8
2025-05-09T17:46:01,112.7
2025-05-09T17:46:02,93.2
2025-05-09T17:46:02,73.4
2025-05-09T17:46:03,57.0
2025-05-09T17:46:04,100.0
2025-05-09T17:46:04,1028.4
2025-05-09T17:46:05,112.5
2025-05-09T17:46:06,4.8
2025-05-09T17:46:42,50.5
2025-05-09T17:46:42,50.5
2025-05-09T17:46:43,52.5
2025-05-09T17:46:43,420.6
2025-05-09T17:46:44,418.5
2025-05-09T17:46:45,418.9
2025-05-09T17:46:45,294.5
2025-05-09T17:46:46,266.4
2025-05-09T17:46:47,57.8
2025-05-09T17:46:47,55.4
2025-05-09T17:46:48,54.8
2025-05-09T17:46:48,55.1
2025-05-09T17:46:49,54.7
2025-05-09T17:46:50,54.5
2025-05-09T17:46:50,56.0
2025-05-09T17:46:51,55.5
2025-05-09T17:46:52,55.8
2025-05-09T17:47:15,64.9
2025-05-09T17:47:16,291.9
2025-05-09T17:47:16,252.9
2025-05-09T17:47:17,253.3
2025-05-09T17:47:18,273.0
2025-05-09T17:47:18,124.5
2025-05-09T17:47:19,65.5
2025-05-09T17:47:19,55.1
2025-05-09T17:47:20,55.8
2025-05-09T17:47:21,55.6
2025-05-09T17:47:21,55.9
2025-05-09T17:47:22,55.2
2025-05-09T17:47:22,56.5
2025-05-09T17:47:23,57.6
2025-05-09T17:47:24,56.6
2025-05-09T17:47:24,56.3
2025-05-09T17:47:25,56.6
2025-05-09T17:47:47,63.8
2025-05-09T17:47:47,64.4
2025-05-09T17:47:48,64.4
2025-05-09T17:47:48,64.2
2025-05-09T17:47:49,63.9
2025-05-09T17:47:50,64.4
2025-05-09T17:47:50,62.9
2025-05-09T17:47:51,57.4
2025-05-09T17:47:51,58.1
2025-05-09T17:47:52,56.7
2025-05-09T17:47:53,55.2
2025-05-09T17:47:53,53.9
2025-05-09T17:47:54,53.8
2025-05-09T17:47:55,53.9
2025-05-09T17:47:55,54.0
2025-05-09T17:47:56,52.3
2025-05-09T17:47:56,52.9
2025-05-09T17:47:57,52.8
2025-05-09T17:48:37,162.2
2025-05-09T17:48:38,218.4
2025-05-09T17:48:38,220.5
2025-05-09T17:48:39,231.5
2025-05-09T17:48:40,25.3
2025-05-09T17:48:40,31.2
2025-05-09T17:48:41,271.4
2025-05-09T17:48:41,173.7
2025-05-09T17:48:42,274.1
2025-05-09T17:48:43,282.4
2025-05-09T17:48:43,276.6
2025-05-09T17:48:44,280.8
2025-05-09T17:48:45,65.7
2025-05-09T17:48:45,273.6
2025-05-09T17:49:08,1028.9
2025-05-09T17:49:09,1028.9
2025-05-09T17:49:09,84.3
2025-05-09T17:49:10,85.7
2025-05-09T17:49:11,-10409.1
2025-05-09T17:49:11,86.0
2025-05-09T17:49:12,85.3
2025-05-09T17:49:12,87.0
2025-05-09T17:49:13,17.8
2025-05-09T17:49:14,19.1
2025-05-09T17:49:14,20.2
2025-05-09T17:49:15,21.6
2025-05-09T17:49:16,32.2
2025-05-09T17:49:16,33.3
2025-05-09T17:49:17,187.4
2025-05-09T17:49:17,269.6
2025-05-09T17:49:18,38.8
2025-05-09T17:49:19,240.7
2025-05-09T17:49:19,271.9
2025-05-09T17:49:20,308.6
2025-05-09T17:49:20,36.1
2025-05-09T17:49:21,36.9
2025-05-12T09:48:10,169.9
2025-05-12T09:48:11,197.1
2025-05-12T09:48:12,22.1
2025-05-12T09:48:12,163.6
2025-05-12T09:48:13,164.9
2025-05-12T09:48:13,164.5
2025-05-12T09:48:14,164.6
2025-05-12T09:48:15,164.7
2025-05-12T09:48:15,164.7
2025-05-12T09:48:16,164.6
2025-05-12T09:48:17,374.6
2025-05-12T09:48:17,160.7
2025-05-12T09:48:18,172.6
2025-05-12T09:48:18,156.6
2025-05-12T09:48:19,142.5
2025-05-12T09:48:20,169.9
2025-05-12T09:48:20,152.1
2025-05-12T09:48:21,134.6
2025-05-12T09:48:22,118.7
2025-05-12T09:48:22,100.4
2025-05-12T09:48:23,232.1
2025-05-12T09:48:23,7.9
2025-05-12T09:48:24,11.8
2025-05-12T09:48:25,1028.6
2025-05-12T09:48:25,1028.5
2025-05-12T09:48:26,1028.6
2025-05-12T09:48:27,88.4
2025-05-12T09:48:27,84.3
2025-05-12T09:48:28,83.8
2025-05-12T09:48:28,84.1
2025-05-12T09:48:29,84.1
2025-05-12T09:48:30,84.1
2025-05-12T09:48:30,84.1
2025-05-12T09:48:31,84.0
2025-05-12T09:48:32,34.5
2025-05-12T09:48:32,1029.4
2025-05-12T09:48:33,415.9
2025-05-12T09:48:34,1029.1
2025-05-12T09:48:34,33.6
2025-05-12T09:48:35,103.4
2025-05-12T09:48:36,1667.3
2025-05-12T09:48:36,105.5
2025-05-12T09:48:37,102.4
2025-05-12T09:48:38,104.1
2025-05-12T09:48:38,106.2
2025-05-12T09:48:39,1029.1
2025-05-12T09:48:40,1029.0
2025-05-12T09:48:40,20.9
2025-05-12T09:48:41,4.0
2025-05-12T09:48:41,1029.4
2025-05-12T09:48:42,1271.4
2025-05-12T09:48:43,4.3
2025-05-12T09:48:43,3.8
2025-05-12T09:48:44,156.5
2025-05-12T09:48:45,169.6
2025-05-12T09:48:45,172.7
2025-05-12T09:48:46,165.0
2025-05-12T09:48:46,156.1
2025-05-12T09:48:47,155.7
2025-05-12T09:48:48,182.8
2025-05-12T09:48:48,56.3
2025-05-12T09:48:49,9.2
2025-05-12T09:48:50,1014.7
2025-05-12T09:48:50,1028.9
2025-05-12T09:48:51,1028.5
2025-05-12T09:48:52,1435.8
2025-05-12T09:48:53,2579.0
2025-05-12T09:48:53,4.4
2025-05-12T09:48:54,86.7
2025-05-12T09:48:54,1028.9
2025-05-12T09:48:55,128.9
2025-05-12T09:48:56,69.1
2025-05-12T09:48:56,5.2
2025-05-12T09:48:57,1029.2
2025-05-12T09:48:58,34.1
2025-05-12T09:48:58,33.6
2025-05-12T09:48:59,33.6
2025-05-12T09:48:59,33.6
2025-05-12T09:49:00,33.3
2025-05-12T09:49:01,33.6
2025-05-12T09:49:01,28.6
2025-05-12T09:49:02,89.2
2025-05-12T09:49:02,314.1
2025-05-12T09:49:03,239.4
2025-05-12T09:49:04,172.5
2025-05-12T09:49:04,158.2
2025-05-12T09:49:05,138.4
2025-05-12T09:49:06,201.9
2025-05-12T09:49:06,183.6
2025-05-12T09:49:07,133.1
2025-05-12T09:49:07,191.0
2025-05-12T09:49:08,170.8
2025-05-12T09:49:09,155.3
2025-05-12T09:49:09,143.6
2025-05-12T09:49:10,200.6
2025-05-12T09:49:11,177.1
2025-05-12T09:49:11,108.8
2025-05-12T09:49:12,89.8
2025-05-12T09:49:12,69.9
2025-05-12T09:49:13,51.8
2025-05-12T09:49:14,144.0
2025-05-12T09:49:14,123.6
2025-05-12T09:49:15,210.1
2025-05-12T09:49:15,210.6
2025-05-12T09:49:16,111.5
2025-05-12T09:49:17,111.9
2025-05-12T09:49:17,169.4
2025-05-12T09:49:18,10.9
2025-05-12T09:49:19,5.8
2025-05-12T09:49:19,203.5
2025-05-12T09:49:20,41.9
2025-05-12T09:49:20,25.5
2025-05-12T09:49:21,7.2
2025-05-12T09:49:22,13.9
2025-05-12T09:49:22,29.0
2025-05-12T09:49:23,15.3
2025-05-12T09:49:23,177.8
2025-05-12T09:49:24,153.3
2025-05-12T09:49:25,65.7
2025-05-12T09:49:26,178.1
2025-05-12T09:49:26,178.0
2025-05-12T09:49:27,172.3
2025-05-12T09:49:27,172.8
2025-05-12T09:49:28,179.9
2025-05-12T09:49:29,153.2
2025-05-12T09:49:30,145.9
2025-05-12T09:49:30,124.9
2025-05-12T09:49:31,108.4
2025-05-12T09:49:31,110.2
2025-05-12T09:49:32,162.0
2025-05-12T09:49:33,150.2
2025-05-12T09:49:33,141.2
2025-05-12T09:49:34,124.5
2025-05-12T09:49:35,105.3
2025-05-12T09:49:35,87.0
2025-05-12T09:49:36,39.8
2025-05-12T09:49:36,51.0
2025-05-12T09:49:37,33.6
2025-05-12T09:49:38,1028.5
2025-05-12T09:49:38,6.8
2025-05-12T09:49:39,48.6
2025-05-12T09:49:40,44.9
2025-05-12T09:49:40,44.8
2025-05-12T09:49:41,44.5
2025-05-12T09:49:41,47.5
2025-05-12T09:49:42,1028.9
2025-05-12T09:49:43,33.2
2025-05-12T09:49:43,35.3
2025-05-12T09:49:44,45.3
2025-05-12T09:49:45,1028.3
2025-05-12T09:49:45,208.7
2025-05-12T09:49:46,309.2
2025-05-12T09:49:47,153.3
2025-05-12T09:49:47,153.2
2025-05-12T09:49:48,153.2
2025-05-12T09:49:49,622.7
2025-05-12T09:49:49,209.8
2025-05-12T09:49:50,204.2
2025-05-12T09:49:51,281.7
2025-05-12T09:49:51,232.2
2025-05-12T09:49:52,233.2
2025-05-12T09:49:52,220.5
2025-05-12T09:49:53,20.2
2025-05-12T09:49:54,1028.5
2025-05-12T09:49:55,2308.3
2025-05-12T09:50:54,304.0
2025-05-12T09:50:55,305.1
2025-05-12T09:50:55,302.1
2025-05-12T09:50:56,182.0
2025-05-12T09:50:57,180.2
2025-05-12T09:50:57,181.1
2025-05-12T09:50:58,285.8
2025-05-12T09:50:59,286.1
2025-05-12T09:50:59,286.4
2025-05-12T09:51:00,285.9
2025-05-12T09:51:01,287.5
2025-05-12T09:51:01,153.2
2025-05-12T09:51:02,153.3
2025-05-12T10:03:41,117.2
2025-05-12T10:03:41,202.6
2025-05-12T10:03:42,38.1
2025-05-12T10:03:43,18.5
2025-05-12T10:05:29,171.1
2025-05-12T10:05:30,168.7
2025-05-12T10:05:30,149.6
2025-05-12T10:05:31,132.0
2025-05-12T10:05:32,113.5
2025-05-12T10:05:32,94.1
2025-05-12T10:05:33,76.2
2025-05-12T10:05:33,57.1
2025-05-12T10:05:34,39.2
2025-05-12T10:05:35,59.0
2025-05-12T10:05:35,29.6
2025-05-12T10:05:36,30.7
2025-05-12T10:05:36,30.3
2025-05-12T10:05:37,30.5
2025-05-12T10:05:38,30.3
2025-05-12T10:05:38,31.0
2025-05-12T10:05:39,31.1
2025-05-12T10:05:40,30.7
2025-05-12T10:05:40,5.1
2025-05-12T10:05:41,229.9
2025-05-12T10:05:42,28.3
2025-05-12T10:05:42,28.3
2025-05-12T10:05:43,9.4
2025-05-12T10:05:43,219.5
2025-05-12T10:05:44,207.3
2025-05-12T10:05:45,203.1
2025-05-12T10:05:45,206.4
2025-05-12T10:05:46,184.9
2025-05-12T10:05:47,8.9
2025-05-12T10:05:47,10.3
2025-05-12T10:05:48,83.6
2025-05-12T10:05:49,80.9
2025-05-12T10:05:49,9.1
2025-05-12T10:05:50,8.4
2025-05-12T10:05:50,8.4
2025-05-12T10:05:51,8.5
2025-05-12T10:05:52,8.8
2025-05-12T10:05:52,120.2
2025-05-12T10:05:53,120.7
2025-05-12T10:05:53,120.7
2025-05-12T10:05:54,120.7
2025-05-12T10:05:55,120.7
2025-05-12T10:05:55,121.1
2025-05-12T10:05:56,120.7
2025-05-12T10:05:57,120.7
2025-05-12T10:05:57,110.1
2025-05-12T10:05:58,84.0
2025-05-12T10:05:58,73.2
2025-05-12T10:05:59,55.6
2025-05-12T10:06:00,34.5
2025-05-12T10:06:00,15.4
2025-05-12T10:06:01,42.0
2025-05-12T10:06:02,82.0
2025-05-12T10:06:02,81.1
2025-05-12T10:06:03,81.5
2025-05-12T10:06:04,81.5
2025-05-12T10:06:04,81.5
2025-05-12T10:06:05,81.5
2025-05-12T10:06:05,81.4
2025-05-12T10:06:06,80.3
2025-05-12T10:06:07,53.0
2025-05-12T10:06:07,22.6
2025-05-12T10:06:08,17.5
2025-05-12T10:06:08,153.3
2025-05-12T10:06:09,154.7
2025-05-12T10:06:10,154.5
2025-05-12T10:06:10,155.0
2025-05-12T10:06:11,154.9
2025-05-12T10:06:12,154.4
2025-05-12T10:06:12,154.3
2025-05-12T10:06:13,154.3
2025-05-12T10:06:13,139.7
2025-05-12T10:06:14,124.6
2025-05-12T10:06:15,251.0
2025-05-12T10:06:15,88.4
2025-05-12T10:06:16,242.9
2025-05-12T10:06:17,219.5
2025-05-12T10:06:17,205.1
2025-05-12T10:06:18,188.2
2025-05-12T10:06:19,172.0
2025-05-12T10:06:19,539.8
2025-05-12T10:06:20,129.8
2025-05-12T10:06:21,107.8
2025-05-12T10:06:21,89.5
2025-05-12T10:06:22,70.5
2025-05-12T10:06:22,52.6
2025-05-12T10:06:23,35.0
2025-05-12T10:06:24,18.2
2025-05-12T10:06:24,149.4
2025-05-12T10:06:25,40.3
2025-05-12T10:06:25,40.1
2025-05-12T10:06:26,39.3
2025-05-12T10:06:27,39.4
2025-05-12T10:06:27,39.2
2025-05-12T10:06:28,39.4
2025-05-12T10:06:28,39.3
2025-05-12T10:06:29,71.0
2025-05-12T10:06:30,139.3
2025-05-12T10:06:30,8.5
2025-05-12T10:06:31,9.8
2025-05-12T10:06:32,86.5
2025-05-12T10:08:25,207.6
2025-05-12T10:08:25,48.8
2025-05-12T10:08:26,27.3
2025-05-12T10:08:27,9.2
2025-05-12T10:08:27,3.4
2025-05-12T10:08:28,173.4
2025-05-12T10:08:29,169.0
2025-05-12T10:08:29,168.6
2025-05-12T10:08:30,168.6
2025-05-12T10:08:30,168.6
2025-05-12T10:08:31,168.6
2025-05-12T10:08:32,168.6
2025-05-12T10:08:32,204.6
2025-05-12T10:08:33,1378.5
2025-05-12T10:08:34,137.4
2025-05-12T10:08:34,118.3
2025-05-12T10:08:35,101.9
2025-05-12T10:08:35,114.3
2025-05-12T10:08:36,88.4
2025-05-12T10:08:37,124.6
2025-05-12T10:08:37,113.2
2025-05-12T10:08:38,96.8
2025-05-12T10:08:39,209.8
2025-05-12T10:08:39,57.6
2025-05-12T10:08:40,40.1
2025-05-12T10:08:40,16.4
2025-05-12T10:08:41,4.7
2025-05-12T10:08:42,1255.6
2025-05-12T10:08:43,65.7
2025-05-12T10:08:43,-14087.5
2025-05-12T10:08:44,1029.2
2025-05-12T10:08:45,1029.0
2025-05-12T10:08:45,1047.1
2025-05-12T10:08:47,307.3
2025-05-12T10:08:48,1028.9
2025-05-12T10:08:48,944.1
2025-05-12T10:08:49,1253.6
2025-05-12T10:08:50,1028.9
2025-05-12T10:08:50,942.9
2025-05-12T10:08:51,590.7
2025-05-12T10:08:52,678.8
2025-05-12T10:08:53,938.2
2025-05-12T10:08:53,1028.9
2025-05-12T10:08:54,1028.9
2025-05-12T10:08:55,1008.5
2025-05-12T10:08:56,1029.1
2025-05-12T10:08:56,1028.9
2025-05-12T10:08:57,14.0
2025-05-12T10:08:57,6.2
2025-05-12T10:08:58,1031.4
2025-05-12T10:08:59,153.2
2025-05-12T10:09:00,647.5
2025-05-12T10:09:00,153.2
2025-05-12T10:09:01,239.4
2025-05-12T10:09:02,108.5
2025-05-12T10:09:02,113.6
2025-05-12T10:09:03,112.7
2025-05-12T10:09:04,15.9
2025-05-12T10:09:04,93.4
2025-05-12T10:09:05,253.8
2025-05-12T10:09:05,254.9
2025-05-12T10:09:06,253.8
2025-05-12T10:09:07,254.1
2025-05-12T10:09:07,247.8
2025-05-12T10:09:08,247.6
2025-05-12T10:09:09,253.2
2025-05-12T10:09:09,202.2
2025-05-12T10:09:10,238.8
2025-05-12T10:09:11,232.1
2025-05-12T10:09:11,65.8
2025-05-12T10:09:12,153.3
2025-05-12T10:09:13,153.3
2025-05-12T10:09:13,279.6
2025-05-12T10:09:14,252.9
2025-05-12T10:09:15,187.9
2025-05-12T10:09:15,217.7
2025-05-12T10:09:16,240.8
2025-05-12T10:09:16,16.4
2025-05-12T10:09:17,7.2
2025-05-12T10:09:18,196.1
2025-05-12T10:09:18,100.8
2025-05-12T10:09:19,100.6
2025-05-12T10:09:20,208.1
2025-05-12T10:09:20,33.7
2025-05-12T10:09:21,32.8
2025-05-12T10:09:21,32.8
2025-05-12T10:09:22,32.0
2025-05-12T10:09:23,16.8
2025-05-12T10:09:23,150.5
2025-05-12T10:09:24,151.5
2025-05-12T10:09:25,151.5
2025-05-12T10:09:25,151.5
2025-05-12T10:09:26,151.6
2025-05-12T10:09:26,151.5
2025-05-12T10:09:27,151.5
2025-05-12T10:09:28,151.5
2025-05-12T10:09:28,148.7
2025-05-12T10:09:29,144.4
2025-05-12T10:09:30,115.6
2025-05-12T10:09:30,128.5
2025-05-12T10:09:31,153.7
2025-05-12T10:09:32,138.5
2025-05-12T10:09:32,122.0
2025-05-12T10:09:33,107.2
2025-05-12T10:09:33,88.1
2025-05-12T10:09:34,65.6
2025-05-12T10:09:35,48.3
2025-05-12T10:09:35,31.6
2025-05-12T10:09:36,12.3
2025-05-12T10:09:37,1028.8
2025-05-12T10:09:37,214.5
2025-05-12T10:09:38,214.6
2025-05-12T10:09:38,153.2
2025-05-12T10:09:39,215.0
2025-05-12T10:09:40,215.4
2025-05-12T10:09:40,215.4
2025-05-12T10:09:41,215.8
2025-05-12T10:09:42,1029.2
2025-05-12T10:09:42,30.9
2025-05-12T10:09:43,1029.1
2025-05-12T10:09:43,36.3
2025-05-12T10:09:44,36.2
2025-05-12T10:09:45,36.2
2025-05-12T10:09:45,35.9
2025-05-12T10:09:46,35.8
2025-05-12T10:09:47,36.2
2025-05-12T10:09:47,36.2
2025-05-12T10:09:48,36.2
2025-05-12T10:09:48,36.1
2025-05-12T10:09:49,35.9
2025-05-12T10:09:50,36.2
2025-05-12T10:09:50,36.2
2025-05-12T10:09:51,18.7
2025-05-12T10:09:51,16.8
2025-05-12T10:09:52,36.6
2025-05-12T10:09:53,36.3
2025-05-12T10:09:53,6.8
2025-05-12T10:09:54,3.5
2025-05-12T10:09:54,31.8
2025-05-12T10:09:55,70.0
2025-05-12T10:09:56,65.8
2025-05-12T10:09:56,66.0
2025-05-12T10:09:57,66.3
2025-05-12T10:09:58,66.1
2025-05-12T10:09:59,65.7
2025-05-12T10:09:59,66.4
2025-05-12T10:10:00,53.0
2025-05-12T10:10:00,45.8
2025-05-12T10:10:01,43.1
2025-05-12T10:10:02,41.6
2025-05-12T10:10:02,40.5
2025-05-12T10:10:03,40.5
2025-05-12T10:10:03,40.5
2025-05-12T10:10:04,40.5
2025-05-12T10:10:05,40.5
2025-05-12T10:10:05,40.5
2025-05-12T10:10:06,40.5
2025-05-12T10:10:07,40.4
2025-05-12T11:01:11,249.1
2025-05-12T11:01:11,975.6
2025-05-12T11:01:12,1029.2
2025-05-12T11:01:13,1029.1
2025-05-12T11:01:14,1029.1
2025-05-12T11:01:14,1357.3
2025-05-12T11:01:15,656.8
2025-05-12T11:01:16,373.1
2025-05-12T11:01:16,1012.0
2025-05-12T11:01:17,412.5
2025-05-12T11:01:18,1029.0
2025-05-12T11:02:12,619.7
2025-05-12T11:02:13,1028.9
2025-05-12T11:02:14,583.8
2025-05-12T11:02:14,563.1
2025-05-12T11:02:15,413.8
2025-05-12T11:02:16,375.2
2025-05-12T11:02:16,351.4
2025-05-12T11:02:17,341.2
2025-05-12T11:02:17,471.3
2025-05-12T11:02:18,293.1
2025-05-12T11:02:19,275.5
2025-05-12T11:02:19,412.2
2025-05-12T11:02:20,408.5
2025-05-12T11:02:21,395.6
2025-05-12T11:02:22,228.8
2025-05-12T11:02:22,201.3
2025-05-12T11:02:23,188.3
2025-05-12T11:02:23,131.1
2025-05-12T11:02:24,153.4
2025-05-12T11:02:25,262.9
2025-05-12T11:02:25,242.7
2025-05-12T11:02:26,866.9
2025-05-12T11:02:27,1029.0
2025-05-12T11:02:29,416.8
2025-05-12T11:02:29,8.6
2025-05-12T11:02:30,1028.7
2025-05-12T11:02:30,134.7
2025-05-12T11:02:31,115.9
2025-05-12T11:02:32,95.0
2025-05-12T11:02:32,77.3
2025-05-12T11:02:33,60.8
2025-05-12T11:02:34,40.5
2025-05-12T11:02:34,11.9
2025-05-12T11:02:35,348.2
2025-05-12T11:02:35,429.0
2025-05-12T11:02:36,771.4
2025-05-12T11:02:37,1040.7
2025-05-12T11:02:37,417.2
2025-05-12T12:07:10,72.2
2025-05-12T12:07:10,64.8
2025-05-12T12:07:11,46.0
2025-05-12T12:07:11,26.1
2025-05-12T12:07:12,8.9
2025-05-12T12:07:13,2129.7
2025-05-12T12:07:13,1029.0
2025-05-12T12:07:14,146.0
2025-05-12T12:07:15,769.3
2025-05-12T12:07:15,857.1
2025-05-12T12:07:16,1029.0
2025-05-12T12:07:17,65.8
2025-05-12T12:07:17,153.1
2025-05-12T12:07:18,1029.0
2025-05-12T12:07:19,311.3
2025-05-12T12:07:19,230.2
2025-05-12T12:07:20,281.5
2025-05-12T12:07:21,222.7
2025-05-12T12:07:21,1028.9
2025-05-12T12:07:22,245.1
2025-05-12T12:07:23,172.2
2025-05-12T12:07:23,169.7
2025-05-12T12:07:24,150.2
2025-05-12T12:07:24,138.7
2025-05-12T12:07:25,273.7
2025-05-12T12:07:26,319.6
2025-05-12T12:07:26,356.7
2025-05-12T12:07:27,279.5
2025-05-12T12:07:28,1028.9
2025-05-12T12:07:28,244.9
2025-05-12T12:07:29,580.9
2025-05-12T12:07:30,65.8
2025-05-12T12:07:31,1240.2
2025-05-12T12:07:32,153.6
2025-05-12T12:07:32,1084.7
2025-05-12T12:07:33,65.7
2025-05-12T12:07:34,443.5
2025-05-12T12:07:34,423.0
2025-05-12T12:07:35,413.0
2025-05-12T12:07:36,164.0
2025-05-12T12:07:37,1016.4
2025-05-12T12:07:37,1028.9
2025-05-12T12:07:38,7.8
2025-05-12T12:07:39,405.4
2025-05-12T12:07:39,58.0
2025-05-12T12:07:40,59.1
2025-05-12T12:07:40,59.4
2025-05-12T12:07:41,59.4
2025-05-12T12:07:42,151.7
2025-05-12T12:07:42,590.7
2025-05-12T12:07:43,1026.4
2025-05-12T12:07:44,806.7
2025-05-12T12:07:45,18.3
2025-05-12T12:07:45,1028.9
2025-05-12T12:07:46,9.9
2025-05-12T12:07:47,10.4
2025-05-12T12:07:47,153.2
2025-05-12T12:07:48,528.8
2025-05-12T12:07:49,1028.9
2025-05-12T12:07:49,1713.2
2025-05-12T12:07:50,3299.7
2025-05-12T12:07:51,1028.9
2025-05-12T12:07:52,1028.9
2025-05-12T12:07:53,1029.0
2025-05-12T12:07:53,1028.9
2025-05-12T12:07:54,1029.0
2025-05-12T12:07:55,236.8
2025-05-12T12:07:55,65.7
2025-05-12T12:07:56,478.8
2025-05-12T12:07:57,3030.8
2025-05-12T12:07:57,7.9
2025-05-12T12:07:58,5.7
2025-05-12T12:07:59,5.0
2025-05-12T12:07:59,198.0
2025-05-12T12:08:00,213.1
2025-05-12T12:08:00,122.0
2025-05-12T12:08:01,129.6
2025-05-12T12:08:02,109.4
2025-05-12T12:08:02,194.5
2025-05-12T12:08:03,193.8
2025-05-12T12:08:04,193.8
2025-05-12T12:08:04,210.0
2025-05-12T12:08:05,190.7
2025-05-12T12:08:05,170.1
2025-05-12T12:08:06,153.1
2025-05-12T12:08:07,136.0
2025-05-12T12:08:07,201.6
2025-05-12T12:08:08,155.0
2025-05-12T12:08:09,209.8
2025-05-12T12:08:09,191.4
2025-05-12T12:08:10,184.2
2025-05-12T12:08:11,65.7
2025-05-12T12:08:11,173.6
2025-05-12T12:08:12,179.4
2025-05-12T12:08:12,157.8
2025-05-12T12:08:13,138.0
2025-05-12T12:08:14,121.1
2025-05-12T12:08:14,103.6
2025-05-12T12:08:15,14.5
2025-05-12T12:08:15,205.9
2025-05-12T12:08:16,37.0
2025-05-12T12:08:17,37.0
2025-05-12T12:08:17,37.0
2025-05-12T12:08:18,37.0
2025-05-12T12:08:19,37.1
2025-05-12T12:08:19,37.1
2025-05-12T12:08:20,37.0
2025-05-12T12:08:20,32.6
2025-05-12T12:08:21,20.2
2025-05-12T12:08:22,151.8
2025-05-12T12:08:22,3.0
2025-05-12T12:08:23,172.4
2025-05-12T12:08:23,274.8
2025-05-12T12:08:24,196.5
2025-05-12T12:08:25,290.2
2025-05-12T12:08:25,288.3
2025-05-12T12:08:26,276.5
2025-05-12T12:08:27,288.3
2025-05-12T12:08:27,214.2
2025-05-12T12:08:28,190.5
2025-05-12T12:08:29,167.5
2025-05-12T12:08:29,187.7
2025-05-12T12:08:30,164.1
2025-05-12T12:08:30,155.4
2025-05-12T12:08:31,154.4
2025-05-12T12:08:32,28.3
2025-05-12T12:08:32,232.1
2025-05-12T12:08:33,199.7
2025-05-12T12:08:33,147.7
2025-05-12T12:08:34,147.8
2025-05-12T12:08:35,146.6
2025-05-12T12:08:35,147.0
2025-05-12T12:08:36,253.3
2025-05-12T12:08:37,182.9
2025-05-12T12:08:37,234.6
2025-05-12T12:08:38,8.2
2025-05-12T12:08:38,203.4
2025-05-12T12:08:39,154.7
2025-05-12T12:08:40,154.8
2025-05-12T12:08:40,153.7
2025-05-12T12:08:41,154.8
2025-05-12T12:08:42,155.1
2025-05-12T12:08:42,154.7
2025-05-12T12:08:43,154.8
2025-05-12T12:08:44,65.8
2025-05-12T12:08:45,835.7
2025-05-12T12:08:46,119.7
2025-05-12T12:08:46,155.1
2025-05-12T12:08:47,177.2
2025-05-12T12:08:48,46.8
2025-05-12T12:08:48,208.3
2025-05-12T12:08:49,207.4
2025-05-12T12:08:50,207.1
2025-05-12T12:08:50,207.8
2025-05-12T12:08:51,207.4
2025-05-12T12:08:51,207.9
2025-05-12T12:08:52,207.3
2025-05-12T12:08:53,208.0
2025-05-12T12:08:53,202.0
2025-05-12T12:08:54,11.5
2025-05-12T12:08:55,8.1
2025-05-12T12:08:55,158.9
2025-05-12T12:08:56,158.2
2025-05-12T12:08:56,158.2
2025-05-12T12:08:57,158.6
2025-05-12T12:08:58,158.1
2025-05-12T12:08:58,157.8
2025-05-12T12:08:59,157.7
2025-05-12T12:09:00,157.8
2025-05-12T12:09:00,9.3
2025-05-12T12:09:01,230.1
2025-05-12T12:09:02,277.5
2025-05-12T12:09:02,266.7
2025-05-12T12:09:03,264.5
2025-05-12T12:09:04,167.7
2025-05-12T12:09:04,411.3
2025-05-12T12:09:05,277.5
2025-05-12T12:09:05,272.0
2025-05-12T12:09:06,230.5
2025-05-12T12:09:07,2460.5
2025-05-12T12:09:08,153.9
2025-05-12T12:09:08,153.2
2025-05-12T12:09:09,144.1
2025-05-12T12:09:10,260.3
2025-05-12T12:09:10,246.6
2025-05-12T12:09:11,266.8
2025-05-12T12:09:12,237.2
2025-05-12T12:09:12,198.2
2025-05-12T12:09:13,1507.1
2025-05-12T12:09:14,153.7
2025-05-12T12:09:14,193.6
2025-05-12T12:09:15,89.4
2025-05-12T12:09:16,384.7
2025-05-12T12:09:16,3.4
2025-05-12T12:09:17,111.4
2025-05-12T12:09:18,282.2
2025-05-12T12:09:18,259.6
2025-05-12T12:09:19,608.0
2025-05-12T12:09:19,287.3
2025-05-12T12:09:20,259.3
2025-05-12T12:09:21,215.5
2025-05-12T12:09:21,94.2
2025-05-12T12:09:22,10.9
2025-05-12T12:09:23,69.7
2025-05-12T12:09:23,65.7
2025-05-12T12:09:24,99.3
2025-05-12T12:09:24,206.2
2025-05-12T12:09:25,207.7
2025-05-12T12:09:26,217.6
2025-05-12T12:09:26,209.4
2025-05-12T12:09:27,91.0
2025-05-12T12:09:28,85.1
2025-05-12T12:09:28,65.5
2025-05-12T12:09:29,46.3
2025-05-12T12:09:29,29.2
2025-05-12T12:09:30,12.7
2025-05-12T12:09:31,355.3
2025-05-12T12:09:31,776.6
2025-05-12T12:09:32,776.6
2025-05-12T12:09:33,489.3
2025-05-12T12:09:33,776.7
2025-05-12T12:09:34,777.0
2025-05-12T12:09:35,592.4
2025-05-12T12:09:35,153.7
2025-05-12T12:09:36,438.0
2025-05-12T12:09:37,312.7
2025-05-12T12:09:37,181.2
2025-05-12T12:09:38,231.6
2025-05-12T12:09:39,231.4
2025-05-12T12:09:39,153.8
2025-05-12T12:09:40,231.8
2025-05-12T12:09:41,228.2
2025-05-12T12:09:41,227.7
2025-05-12T12:09:42,232.4
2025-05-12T12:09:43,227.1
2025-05-12T12:09:43,209.1
2025-05-12T12:09:44,185.8
2025-05-12T12:09:45,165.4
2025-05-12T12:09:45,96.5
2025-05-12T12:09:46,130.9
2025-05-12T12:09:46,110.6
2025-05-12T12:09:47,92.2
2025-05-12T12:09:48,228.4
2025-05-12T12:09:48,113.6
2025-05-12T12:09:49,28.0
2025-05-12T12:09:50,13.5
2025-05-12T12:09:50,6.9
2025-05-12T12:09:51,186.2
2025-05-12T12:09:51,185.8
2025-05-12T12:09:52,108.6
2025-05-12T12:09:53,107.3
2025-05-12T12:09:53,108.1
2025-05-12T12:09:54,108.0
2025-05-12T12:09:54,108.1
2025-05-12T12:09:55,108.0
2025-05-12T12:09:56,103.9
2025-05-12T12:09:56,170.0
2025-05-12T12:09:57,134.8
2025-05-12T12:09:58,116.5
2025-05-12T12:09:58,97.2
2025-05-12T12:09:59,5.3
2025-05-12T12:10:00,6.4
2025-05-12T12:10:00,10.4
2025-05-12T12:10:01,11.9
2025-05-12T12:10:01,11.9
2025-05-12T12:10:02,11.9
2025-05-12T12:10:03,9.7
2025-05-12T12:10:03,12.6
2025-05-12T12:10:04,15.2
2025-05-12T12:10:04,16.0
2025-05-12T12:10:05,57.8
2025-05-12T12:10:06,57.8
2025-05-12T12:10:06,57.7
2025-05-12T12:10:07,57.1
2025-05-12T12:10:07,59.5
2025-05-12T12:10:08,58.9
2025-05-12T12:10:09,58.9
2025-05-12T12:10:09,54.5
2025-05-12T12:10:10,44.7
2025-05-12T12:10:11,31.3
2025-05-12T12:10:11,1028.9
2025-05-12T12:10:12,10.1
2025-05-12T12:10:13,7.6
2025-05-12T12:10:13,1028.9
2025-05-12T12:10:14,153.7
2025-05-12T12:10:15,153.3
2025-05-12T12:10:15,65.8
2025-05-12T12:10:16,336.8
2025-05-12T12:10:17,332.7
2025-05-12T12:10:17,322.0
2025-05-12T12:10:18,294.8
2025-05-12T12:10:19,243.4
2025-05-12T12:10:19,254.9
2025-05-12T12:10:20,210.5
2025-05-12T12:10:20,217.1
2025-05-12T12:10:21,200.8
2025-05-12T12:10:22,238.9
2025-05-12T12:10:22,153.3
2025-05-12T12:10:23,236.6
2025-05-12T12:10:24,220.0
2025-05-12T12:10:24,201.3
2025-05-12T12:10:25,252.3
2025-05-12T12:10:26,16.5
2025-05-12T12:10:26,3.0
2025-05-12T12:10:27,149.6
2025-05-12T12:10:27,149.7
2025-05-12T12:10:28,149.7
2025-05-12T12:10:29,149.7
2025-05-12T12:10:29,149.3
2025-05-12T12:10:30,679.8
2025-05-12T12:10:31,149.4
2025-05-12T12:10:31,146.3
2025-05-12T12:10:32,124.6
2025-05-12T12:10:32,106.8
2025-05-12T12:10:33,90.1
2025-05-12T12:10:34,76.8
2025-05-12T12:10:34,59.0
2025-05-12T12:10:35,40.6
2025-05-12T12:10:35,20.7
2025-05-12T12:10:37,153.2
2025-05-12T12:10:37,153.2
2025-05-12T12:10:38,188.9
2025-05-12T12:10:39,273.6
2025-05-12T12:10:39,271.7
2025-05-12T12:10:40,237.1
2025-05-12T12:10:40,69.1
2025-05-12T12:10:41,255.7
2025-05-12T12:10:42,78.9
2025-05-12T12:10:42,145.1
2025-05-12T12:10:43,23.9
2025-05-12T12:10:43,9.1
2025-05-12T12:10:44,8.9
2025-05-12T12:10:45,401.9
2025-05-12T12:10:45,329.8
2025-05-12T12:10:46,407.6
2025-05-12T12:10:47,247.7
2025-05-12T12:10:47,408.5
2025-05-12T12:10:48,314.3
2025-05-12T12:10:49,1028.8
2025-05-12T12:10:49,2007.6
2025-05-12T12:10:50,991.6
2025-05-12T12:10:51,156.9
2025-05-12T12:10:52,154.8
2025-05-12T12:10:52,223.5
2025-05-12T12:10:53,223.7
2025-05-12T12:10:54,180.2
2025-05-12T12:10:54,183.5
2025-05-12T12:10:55,161.7
2025-05-12T12:10:55,148.1
2025-05-12T12:10:56,247.8
2025-05-12T12:10:57,311.8
2025-05-12T12:10:57,93.5
2025-05-12T12:10:58,53.4
2025-05-12T12:10:59,60.9
2025-05-12T12:10:59,46.5
2025-05-12T12:11:00,32.1
2025-05-12T12:11:01,2236.3
2025-05-12T12:11:02,22.5
2025-05-12T12:11:03,21.3
2025-05-12T12:11:05,18.6
2025-05-12T12:11:06,20.5
2025-05-12T12:11:07,22.0
2025-05-12T12:11:08,20.0
2025-05-12T12:11:09,19.9
2025-05-12T12:11:10,18.5
2025-05-12T12:11:11,65.9
2025-05-12T12:11:12,153.3
2025-05-12T12:11:12,17.4
2025-05-12T12:11:13,3.4
2025-05-12T12:11:13,84.5
2025-05-12T12:11:14,83.7
2025-05-12T12:11:15,74.8
2025-05-12T12:11:15,83.3
2025-05-12T12:11:16,83.4
2025-05-12T12:11:16,83.4
2025-05-12T12:11:17,83.1
2025-05-12T12:11:18,83.2
2025-05-12T12:11:18,70.1
2025-05-12T12:11:19,50.2
2025-05-12T12:11:20,30.6
2025-05-12T12:11:20,12.6
2025-05-12T12:11:21,1028.7
2025-05-12T12:11:22,2990.5
2025-05-12T12:11:22,241.5
2025-05-12T12:11:23,577.3
2025-05-12T12:11:24,56.1
2025-05-12T12:11:25,38.3
2025-05-12T12:11:25,26.4
2025-05-12T12:11:27,26.5
2025-05-12T12:11:28,26.5
2025-05-12T12:11:30,26.5
2025-05-12T12:11:30,26.5
2025-05-12T12:11:32,26.5
2025-05-12T12:11:32,26.5
2025-05-12T12:11:34,26.5
2025-05-12T12:11:34,26.5
2025-05-12T12:11:36,26.5
2025-05-12T12:13:45,52.9
2025-05-12T12:13:46,197.6
2025-05-12T12:13:46,167.0
2025-05-12T12:13:47,149.4
2025-05-12T12:13:48,134.3
2025-05-12T12:13:48,125.5
2025-05-12T12:13:49,41.9
2025-05-12T12:13:50,28.7
2025-05-12T12:13:50,62.5
2025-05-12T12:13:51,61.2
2025-05-12T12:13:52,59.3
2025-05-12T12:13:52,58.9
2025-05-12T12:13:53,154.3
2025-05-12T12:13:53,155.6
2025-05-12T12:13:54,155.4
2025-05-12T12:13:55,154.8
2025-05-12T12:13:56,154.7
2025-05-12T12:13:56,721.8
2025-05-12T12:13:57,438.0
2025-05-12T12:13:58,132.5
2025-05-12T12:13:59,115.2
2025-05-12T12:13:59,1049.4
2025-05-12T12:14:00,157.3
2025-05-12T12:14:01,123.3
2025-05-12T12:14:01,103.6
2025-05-12T12:14:02,208.8
2025-05-12T12:14:03,191.8
2025-05-12T12:14:03,171.9
2025-05-12T12:14:04,155.0
2025-05-12T12:14:05,135.6
2025-05-12T12:14:05,116.9
2025-05-12T12:14:06,99.7
2025-05-12T12:14:06,84.6
2025-05-12T12:14:07,80.4
2025-05-12T12:14:08,75.8
2025-05-12T12:14:08,75.8
2025-05-12T12:14:09,90.0
2025-05-12T12:14:09,65.7
2025-05-12T12:14:10,87.6
2025-05-12T12:14:11,265.0
2025-05-12T12:14:11,9.8
2025-05-12T12:14:12,9.6
2025-05-12T12:14:13,34.2
2025-05-12T12:14:13,218.1
2025-05-12T12:14:14,218.1
2025-05-12T12:14:15,217.4
2025-05-12T12:14:15,218.1
2025-05-12T12:14:16,217.1
2025-05-12T12:14:16,217.1
2025-05-12T12:14:17,113.1
2025-05-12T12:14:18,214.3
2025-05-12T12:14:18,196.4
2025-05-12T12:14:19,178.3
2025-05-12T12:14:19,164.6
2025-05-12T12:14:20,145.7
2025-05-12T12:14:21,129.6
2025-05-12T12:14:21,184.4
2025-05-12T12:14:22,92.7
2025-05-12T12:14:23,153.2
2025-05-12T12:14:23,227.1
2025-05-12T12:14:24,201.1
2025-05-12T12:14:24,4.7
2025-05-12T12:14:25,228.4
2025-05-12T12:14:26,228.8
2025-05-12T12:14:26,229.3
2025-05-12T12:14:27,229.2
2025-05-12T12:14:28,230.0
2025-05-12T12:14:28,229.7
2025-05-12T12:14:29,123.6
2025-05-12T12:14:29,124.0
2025-05-12T12:14:30,233.9
2025-05-12T12:14:31,239.8
2025-05-12T12:14:31,220.1
2025-05-12T12:14:32,204.3
2025-05-12T12:14:33,184.9
2025-05-12T12:14:33,166.8
2025-05-12T12:14:34,204.1
2025-05-12T12:14:34,127.1
2025-05-12T12:14:35,108.0
2025-05-12T12:14:36,91.8
2025-05-12T12:14:36,70.6
2025-05-12T12:14:37,52.2
2025-05-12T12:14:37,35.0
2025-05-12T12:14:38,17.2
2025-05-12T12:14:39,7.1
2025-05-12T12:14:39,136.2
2025-05-12T12:14:40,131.6
2025-05-12T12:14:41,131.7
2025-05-12T12:14:41,131.7
2025-05-12T12:14:42,132.1
2025-05-12T12:14:42,132.0
2025-05-12T12:14:43,131.5
2025-05-12T12:14:44,1824.4
2025-05-12T12:14:44,119.0
2025-05-12T12:14:45,99.4
2025-05-12T12:14:46,81.1
2025-05-12T12:14:46,180.0
2025-05-12T12:14:47,77.3
2025-05-12T12:14:48,159.1
2025-05-12T12:14:48,175.7
2025-05-12T12:14:49,64.0
2025-05-12T12:14:49,174.2
2025-05-12T12:14:50,66.7
2025-05-12T12:14:51,65.6
2025-05-12T12:14:51,153.3
2025-05-12T12:14:52,153.6
2025-05-12T12:14:53,173.0
2025-05-12T12:14:53,172.4
2025-05-12T12:14:54,324.4
2025-05-12T12:14:57,87.0
2025-05-12T12:14:58,260.5
2025-05-12T12:14:58,262.0
2025-05-12T12:14:59,173.6
2025-05-12T12:15:00,61.8
2025-05-12T12:15:00,49.4
2025-05-12T12:15:01,30.6
2025-05-12T12:15:01,28.3
2025-05-12T12:15:02,132.9
2025-05-12T12:15:03,116.7
2025-05-12T12:15:03,111.8
2025-05-12T12:15:04,128.4
2025-05-12T12:15:05,116.2
2025-05-12T12:15:05,1028.8
2025-05-12T12:15:06,8.1
2025-05-12T12:15:06,4.7
2025-05-12T12:15:07,19.5
2025-05-12T12:15:08,17.7
2025-05-12T12:15:08,17.7
2025-05-12T12:15:09,17.7
2025-05-12T12:15:09,17.7
2025-05-12T12:15:10,17.7
2025-05-12T12:15:11,17.7
2025-05-12T12:15:11,17.1
2025-05-12T12:15:12,37.4
2025-05-12T12:15:13,37.5
2025-05-12T12:15:13,37.2
2025-05-12T12:15:14,37.5
2025-05-12T12:15:14,37.1
2025-05-12T12:15:15,37.2
2025-05-12T12:15:16,116.5
2025-05-12T12:15:16,37.1
2025-05-12T12:15:17,28.1
2025-05-12T12:15:17,109.8
2025-05-12T12:15:18,134.3
2025-05-12T12:15:19,94.5
2025-05-12T12:15:19,94.0
2025-05-12T12:15:20,105.7
2025-05-12T12:15:20,134.8
2025-05-12T12:15:21,140.5
2025-05-12T12:15:22,65.8
2025-05-12T12:15:22,91.0
2025-05-12T12:15:23,288.4
2025-05-12T12:15:24,60.6
2025-05-12T12:15:25,291.7
2025-05-12T12:15:25,392.6
2025-05-12T12:15:26,150.4
2025-05-12T12:15:27,69.5
2025-05-12T12:15:27,65.7
2025-05-12T12:15:28,144.3
2025-05-12T12:15:29,141.5
2025-05-12T12:15:29,132.4
2025-05-12T12:15:30,113.7
2025-05-12T12:15:30,210.6
2025-05-12T12:15:31,38.6
2025-05-12T12:15:32,26.4
2025-05-12T12:15:32,102.0
2025-05-12T12:15:33,205.0
2025-05-12T12:15:34,93.2
2025-05-12T12:15:34,192.6
2025-05-12T12:15:35,105.0
2025-05-12T12:15:35,100.5
2025-05-12T12:15:36,6.3
2025-05-12T12:15:37,4.2
2025-05-12T12:15:37,216.0
2025-05-12T12:15:38,187.3
2025-05-12T12:15:39,185.9
2025-05-12T12:15:39,186.0
2025-05-12T12:15:40,186.5
2025-05-12T12:15:41,185.8
2025-05-12T12:15:41,187.0
2025-05-12T12:15:42,223.9
2025-05-12T12:15:42,133.8
2025-05-12T12:15:43,262.2
2025-05-12T12:15:44,1943.1
2025-05-12T12:15:44,177.6
